ID,種類,地域,市区町村コード,都道府県名,市区町村名,地区名,最寄駅：名称,最寄駅：距離（分）,間取り,面積（㎡）,土地の形状,間口,延床面積（㎡）,建築年,建物の構造,用途,今後の利用目的,前面道路：方位,前面道路：種類,前面道路：幅員（ｍ）,都市計画,建ぺい率（％）,容積率（％）,取引時点,改装,取引の事情等,取引価格（総額）_log
31017087,中古マンション等,,31202,鳥取県,米子市,上福原,富士見町(鳥取),23,３ＬＤＫ,65,,,,平成6年,ＳＲＣ,住宅,,,,,第１種中高層住居専用地域,60.0,200.0,2013年第１四半期,未改装,,6.812913356642856
31012420,中古マンション等,,31201,鳥取県,鳥取市,湖山町西,鳥取大学前,5,１Ｋ,15,,,,平成3年,ＳＲＣ,住宅,,,,,近隣商業地域,80.0,200.0,2011年第３四半期,未改装,,6.3979400086720375
31016897,中古マンション等,,31201,鳥取県,鳥取市,本町,鳥取,14,３ＤＫ,75,,,,昭和64年,ＳＲＣ,住宅,,,,,商業地域,80.0,400.0,2013年第３四半期,未改装,,6.6020599913279625
31002352,中古マンション等,,31201,鳥取県,鳥取市,宮長,鳥取,30分?60分,３ＬＤＫ,70,,,,平成18年,ＲＣ,住宅,住宅,,,,準工業地域,60.0,200.0,2017年第２四半期,,,7.230448921378274
31003004,中古マンション等,,31202,鳥取県,米子市,皆生温泉,富士見町(鳥取),30分?60分,２ＤＫ,25,,,,昭和49年,ＳＲＣ,住宅,住宅,,,,商業地域,80.0,400.0,2016年第４四半期,未改装,,6.176091259055681
31015494,中古マンション等,,31202,鳥取県,米子市,錦町,後藤,7,４ＬＤＫ,80,,,,平成7年,ＲＣ,住宅,,,,,近隣商業地域,80.0,300.0,2012年第３四半期,未改装,,7.079181246047625
31012423,中古マンション等,,31201,鳥取県,鳥取市,湖山町西,鳥取大学前,4,１Ｋ,20,,,,平成3年,ＳＲＣ,住宅,,,,,近隣商業地域,80.0,200.0,2011年第２四半期,,,6.3979400086720375
31001019,中古マンション等,,31201,鳥取県,鳥取市,湖山町北,鳥取大学前,4,１Ｋ,20,,,,昭和63年,鉄骨造,住宅,,,,,近隣商業地域,80.0,200.0,2017年第１四半期,,,6.380211241711606
31020566,中古マンション等,,31201,鳥取県,鳥取市,南町,鳥取,8,３ＬＤＫ,65,,,,昭和64年,ＳＲＣ,住宅,,,,,近隣商業地域,80.0,300.0,2007年第４四半期,未改装,,6.845098040014257
31003432,中古マンション等,,31202,鳥取県,米子市,観音寺新町,米子,30分?60分,３ＬＤＫ,70,,,,平成19年,ＲＣ,住宅,住宅,,,,第２種中高層住居専用地域,60.0,200.0,2016年第２四半期,未改装,,7.230448921378274
31003970,中古マンション等,,31202,鳥取県,米子市,錦町,後藤,7,２ＬＤＫ,55,,,,平成7年,ＲＣ,住宅,住宅,,,,近隣商業地域,80.0,300.0,2015年第２四半期,未改装,,7.041392685158225
31010547,中古マンション等,,31201,鳥取県,鳥取市,富安,鳥取,9,３ＬＤＫ,75,,,,平成16年,ＲＣ,住宅,,,,,商業地域,80.0,400.0,2010年第１四半期,未改装,,7.176091259055681
31009860,中古マンション等,,31202,鳥取県,米子市,皆生温泉,米子,1H?1H30,１Ｋ,20,,,,昭和51年,鉄骨造,住宅,住宅,,,,商業地域,80.0,400.0,2014年第３四半期,未改装,,5.903089986991944
31004052,中古マンション等,,31202,鳥取県,米子市,西福原,米子,1H?1H30,２ＬＤＫ,60,,,,平成16年,ＲＣ,住宅,住宅,,,,第１種中高層住居専用地域,60.0,200.0,2017年第２四半期,未改装,,7.146128035678238
31017095,中古マンション等,,31202,鳥取県,米子市,加茂町,米子,17,３ＬＤＫ,60,,,,平成7年,ＲＣ,住宅,,,,,商業地域,80.0,400.0,2013年第３四半期,未改装,,6.919078092376074
31012756,中古マンション等,,31201,鳥取県,鳥取市,富安,鳥取,1,３ＬＤＫ,70,,,,平成13年,ＳＲＣ,住宅,,,,,商業地域,80.0,400.0,2011年第３四半期,未改装,,7.204119982655925
31001700,中古マンション等,,31201,鳥取県,鳥取市,富安,鳥取,9,３ＬＤＫ,75,,,,平成16年,ＲＣ,住宅,住宅,,,,商業地域,80.0,400.0,2019年第２四半期,未改装,,7.204119982655925
31003977,中古マンション等,,31202,鳥取県,米子市,西倉吉町,米子,16,２ＬＤＫ,55,,,,平成6年,,,住宅,,,,商業地域,80.0,400.0,2019年第４四半期,,,6.698970004336019
31003281,中古マンション等,,31202,鳥取県,米子市,加茂町,米子,15,３ＬＤＫ,60,,,,平成7年,ＲＣ,住宅,住宅,,,,商業地域,80.0,400.0,2019年第１四半期,未改装,,6.939519252618618
31003949,中古マンション等,,31202,鳥取県,米子市,錦町,後藤,5,４ＬＤＫ,80,,,,平成8年,ＲＣ,,その他,,,,近隣商業地域,80.0,300.0,2019年第１四半期,未改装,,7.079181246047625
31011179,中古マンション等,,31202,鳥取県,米子市,上後藤,三本松口,8,３ＬＤＫ,70,,,,平成19年,ＲＣ,住宅,,,,,第２種中高層住居専用地域,60.0,200.0,2010年第４四半期,未改装,,7.230448921378274
31001209,中古マンション等,,31201,鳥取県,鳥取市,栄町,鳥取,3,３ＬＤＫ,90,,,,平成20年,ＳＲＣ,住宅,住宅,,,,商業地域,80.0,600.0,2016年第２四半期,未改装,,7.477121254719663
31015367,中古マンション等,,31202,鳥取県,米子市,上福原,米子,30分?60分,３ＬＤＫ,70,,,,,ＳＲＣ,住宅,,,,,第１種中高層住居専用地域,60.0,200.0,2012年第２四半期,未改装,,6.963787827345556
31011833,中古マンション等,,31202,鳥取県,米子市,米原,後藤,11,２ＬＤＫ＋Ｓ,80,,,,平成22年,ＲＣ,住宅,,,,,準工業地域,60.0,200.0,2010年第３四半期,未改装,,7.278753600952829
31017094,中古マンション等,,31202,鳥取県,米子市,加茂町,米子,17,４ＬＤＫ,70,,,,平成7年,ＲＣ,住宅,,,,,商業地域,80.0,400.0,2013年第４四半期,,,6.929418925714293
31020374,中古マンション等,,31201,鳥取県,鳥取市,富安,鳥取,6,３ＬＤＫ,75,,,,平成16年,ＲＣ,住宅,,,,,商業地域,80.0,400.0,2007年第４四半期,未改装,,7.361727836017593
31018729,中古マンション等,,31202,鳥取県,米子市,皆生温泉,米子,1H?1H30,２Ｋ,40,,,,昭和49年,ＲＣ,住宅,,,,,商業地域,80.0,400.0,2009年第３四半期,未改装,,6.301029995663981
31011814,中古マンション等,,31202,鳥取県,米子市,米原,後藤,6,３ＬＤＫ,70,,,,平成20年,ＲＣ,住宅,,,,,準工業地域,60.0,200.0,2010年第３四半期,未改装,,7.079181246047625
31004476,中古マンション等,,31202,鳥取県,米子市,目久美町,米子,14,３ＬＤＫ,60,,,,平成6年,ＲＣ,住宅,住宅,,,,準工業地域,60.0,200.0,2015年第３四半期,未改装,,6.845098040014257
31011516,中古マンション等,,31202,鳥取県,米子市,西倉吉町,米子,16,２ＬＤＫ,55,,,,平成6年,ＳＲＣ,住宅,,,,,商業地域,80.0,400.0,2010年第３四半期,未改装,,6.826074802700826
31004272,中古マンション等,,31202,鳥取県,米子市,東福原,米子,30分?60分,３ＬＤＫ,70,,,,平成24年,ＲＣ,住宅,住宅,,,,第２種中高層住居専用地域,60.0,200.0,2016年第１四半期,未改装,,7.113943352306837
31003963,中古マンション等,,31202,鳥取県,米子市,錦町,後藤,3,３ＬＤＫ,65,,,,平成5年,ＲＣ,住宅,その他,,,,近隣商業地域,80.0,300.0,2017年第２四半期,改装済,,6.949390006644912
31001061,中古マンション等,,31201,鳥取県,鳥取市,湖山町西,鳥取大学前,5,１Ｒ,15,,,,平成3年,ＳＲＣ,住宅,住宅,,,,近隣商業地域,80.0,200.0,2016年第１四半期,,,6.491361693834273
31010352,中古マンション等,,31201,鳥取県,鳥取市,湖山町西,鳥取大学前,5,１Ｋ,15,,,,平成3年,ＳＲＣ,住宅,,,,,近隣商業地域,80.0,200.0,2010年第４四半期,未改装,調停・競売等,6.556302500767288
31004259,中古マンション等,,31202,鳥取県,米子市,東福原,米子,30分?60分,３ＬＤＫ,65,,,,平成17年,ＲＣ,住宅,住宅,,,,第１種住居地域,60.0,200.0,2017年第２四半期,未改装,,7.230448921378274
31013455,中古マンション等,,31202,鳥取県,米子市,道笑町,米子,18,４ＬＤＫ,70,,,,平成7年,ＲＣ,住宅,,,,,近隣商業地域,80.0,300.0,2011年第２四半期,未改装,調停・競売等,6.740362689494244
31009861,中古マンション等,,31202,鳥取県,米子市,皆生温泉,米子,1H?1H30,２Ｋ,30,,,,昭和49年,ＲＣ,住宅,住宅,,,,商業地域,80.0,400.0,2014年第３四半期,未改装,,6.146128035678238
31015499,中古マンション等,,31202,鳥取県,米子市,西福原,米子,1H?1H30,４ＬＤＫ,80,,,,平成16年,ＲＣ,住宅,,,,,第１種中高層住居専用地域,60.0,200.0,2012年第４四半期,未改装,,7.146128035678238
31010545,中古マンション等,,31201,鳥取県,鳥取市,富安,鳥取,11,３ＬＤＫ,65,,,,平成16年,ＲＣ,住宅,,,,,準工業地域,60.0,200.0,2010年第４四半期,未改装,調停・競売等,6.977723605288848
31000163,中古マンション等,,31201,鳥取県,鳥取市,永楽温泉町,鳥取,7,３ＬＤＫ,85,,,,平成18年,ＲＣ,住宅,住宅,,,,商業地域,80.0,500.0,2015年第１四半期,未改装,,7.342422680822207
31011507,中古マンション等,,31202,鳥取県,米子市,錦町,後藤,7,４ＬＤＫ,70,,,,昭和59年,ＳＲＣ,住宅,,,,,近隣商業地域,80.0,300.0,2010年第１四半期,改装済,,6.698970004336019
31011887,中古マンション等,,31201,鳥取県,鳥取市,永楽温泉町,鳥取,9,４ＬＤＫ,80,,,,平成15年,ＳＲＣ,住宅,,,,,商業地域,80.0,400.0,2011年第４四半期,未改装,,7.230448921378274
31011689,中古マンション等,,31201,鳥取県,鳥取市,青葉町,鳥取,30分?60分,４ＬＤＫ,95,,,,平成20年,ＲＣ,住宅,,,,,近隣商業地域,80.0,200.0,2011年第４四半期,未改装,,7.3222192947339195
31000635,中古マンション等,,31201,鳥取県,鳥取市,行徳,鳥取,11,４ＬＤＫ,85,,,,平成16年,ＲＣ,住宅,住宅,,,,近隣商業地域,80.0,300.0,2017年第１四半期,改装済,,7.301029995663981
31017265,中古マンション等,,31202,鳥取県,米子市,東福原,米子,30分?60分,２ＬＤＫ,60,,,,平成17年,ＲＣ,住宅,,,,,第１種住居地域,60.0,200.0,2013年第２四半期,改装済,,7.079181246047625
31011590,中古マンション等,,31202,鳥取県,米子市,東町,米子,8,１ＤＫ,20,,,,平成4年,ＳＲＣ,住宅,,,,,商業地域,80.0,500.0,2010年第４四半期,未改装,,7.176091259055681
31001025,中古マンション等,,31201,鳥取県,鳥取市,湖山町北,鳥取大学前,4,１Ｋ,20,,,,昭和63年,鉄骨造,住宅,住宅,,,,近隣商業地域,80.0,200.0,2016年第１四半期,,,6.3222192947339195
31000202,中古マンション等,,31201,鳥取県,鳥取市,扇町,鳥取,4,３ＬＤＫ,70,,,,平成16年,,住宅,住宅,,,,商業地域,80.0,400.0,2018年第４四半期,未改装,,7.2552725051033065
31012744,中古マンション等,,31201,鳥取県,鳥取市,天神町,鳥取,8,３ＬＤＫ,65,,,,平成17年,ＲＣ,住宅,,,,,準工業地域,60.0,200.0,2011年第２四半期,未改装,,7.176091259055681
31010383,中古マンション等,,31201,鳥取県,鳥取市,幸町,鳥取,5,３ＬＤＫ,80,,,,平成21年,ＲＣ,住宅,,,,,近隣商業地域,60.0,300.0,2010年第３四半期,未改装,,7.230448921378274
31004262,中古マンション等,,31202,鳥取県,米子市,東福原,米子,30分?60分,３ＬＤＫ,70,,,,平成17年,ＲＣ,住宅,住宅,,,,第１種住居地域,60.0,200.0,2017年第１四半期,改装済,,7.204119982655925
31000022,中古マンション等,,31201,鳥取県,鳥取市,青葉町,鳥取,29,３ＬＤＫ,65,,,,平成15年,ＲＣ,住宅,住宅,,,,近隣商業地域,80.0,200.0,2020年第１四半期,未改装,,7.113943352306837
31012421,中古マンション等,,31201,鳥取県,鳥取市,湖山町西,鳥取大学前,4,１Ｋ,20,,,,平成3年,ＳＲＣ,住宅,,,,,近隣商業地域,80.0,200.0,2011年第２四半期,未改装,,6.380211241711606
31002762,中古マンション等,,31202,鳥取県,米子市,安倍,米子,30分?60分,３ＬＤＫ,65,,,,平成18年,ＲＣ,,住宅,,,,第１種住居地域,60.0,200.0,2018年第２四半期,未改装,,7.204119982655925
31014810,中古マンション等,,31201,鳥取県,鳥取市,扇町,鳥取,4,４ＬＤＫ,85,,,,平成15年,ＳＲＣ,住宅,,,,,商業地域,80.0,400.0,2012年第２四半期,未改装,,7.204119982655925
31011278,中古マンション等,,31202,鳥取県,米子市,加茂町,米子,15,４ＬＤＫ,70,,,,平成7年,ＲＣ,住宅,,,,,商業地域,80.0,400.0,2010年第３四半期,改装済,,6.954242509439325
31021267,中古マンション等,,31202,鳥取県,米子市,米原,後藤,2,２ＬＤＫ,70,,,,昭和55年,ＳＲＣ,住宅,,,,,第１種住居地域,60.0,200.0,2008年第３四半期,改装済,,6.778151250383644
31003034,中古マンション等,,31202,鳥取県,米子市,皆生温泉,米子,1H?1H30,２ＤＫ,35,,,,昭和51年,鉄骨造,住宅,住宅,,,,商業地域,80.0,400.0,2016年第４四半期,未改装,,6.3979400086720375
31012426,中古マンション等,,31201,鳥取県,鳥取市,湖山町西,鳥取大学前,4,２Ｋ,40,,,,平成3年,ＳＲＣ,住宅,,,,,近隣商業地域,80.0,200.0,2011年第２四半期,未改装,調停・競売等,6.763427993562937
31000203,中古マンション等,,31201,鳥取県,鳥取市,扇町,鳥取,4,,70,,,,平成16年,ＳＲＣ,住宅,住宅,,,,商業地域,80.0,400.0,2016年第３四半期,改装済,,7.278753600952829
31004709,中古マンション等,,31202,鳥取県,米子市,米原,後藤,4,２ＬＤＫ,55,,,,平成2年,ＳＲＣ,住宅,住宅,,,,第１種住居地域,60.0,200.0,2015年第２四半期,未改装,,6.812913356642856
31021270,中古マンション等,,31202,鳥取県,米子市,米原,後藤,4,３ＬＤＫ,70,,,,平成2年,ＳＲＣ,住宅,,,,,第１種住居地域,60.0,200.0,2008年第１四半期,未改装,調停・競売等,6.707570176097937
31001784,中古マンション等,,31201,鳥取県,鳥取市,西町,鳥取,19,３ＬＤＫ,65,,,,平成11年,ＲＣ,住宅,その他,,,,近隣商業地域,80.0,300.0,2015年第４四半期,未改装,,7.176091259055681
31011797,中古マンション等,,31202,鳥取県,米子市,米原,後藤,8,３ＬＤＫ,80,,,,平成20年,ＲＣ,住宅,,,,,準工業地域,60.0,200.0,2010年第４四半期,未改装,,7.301029995663981
31015248,中古マンション等,,31201,鳥取県,鳥取市,吉方温泉,鳥取,10,４ＬＤＫ,95,,,,平成20年,ＲＣ,住宅,,,,,商業地域,80.0,400.0,2012年第１四半期,未改装,,7.301029995663981
31000161,中古マンション等,,31201,鳥取県,鳥取市,永楽温泉町,鳥取,8,３ＬＤＫ,90,,,,平成18年,ＲＣ,住宅,住宅,,,,商業地域,80.0,400.0,2015年第３四半期,改装済,,7.342422680822207
31011874,中古マンション等,,31202,鳥取県,米子市,米原,米子,30分?60分,３ＬＤＫ,80,,,,平成22年,ＲＣ,住宅,,,,,準工業地域,60.0,200.0,2010年第２四半期,未改装,,7.278753600952829
31018737,中古マンション等,,31202,鳥取県,米子市,皆生温泉,米子,1H?1H30,２ＬＤＫ,45,,,,昭和53年,ＲＣ,住宅,,,,,第１種住居地域,60.0,200.0,2009年第１四半期,未改装,,6.732393759822968
31011844,中古マンション等,,31202,鳥取県,米子市,米原,境港,6,３ＬＤＫ,70,,,,平成20年,ＲＣ,住宅,,,,,準工業地域,60.0,200.0,2010年第３四半期,未改装,,7.079181246047625
31004738,中古マンション等,,31202,鳥取県,米子市,米原,米子,30分?60分,３ＬＤＫ,80,,,,平成22年,ＲＣ,住宅,住宅,,,,準工業地域,60.0,200.0,2015年第４四半期,未改装,,7.301029995663981
31010358,中古マンション等,,31201,鳥取県,鳥取市,湖山町西,鳥取大学前,5,１Ｋ,20,,,,平成3年,ＳＲＣ,住宅,,,,,近隣商業地域,80.0,200.0,2010年第３四半期,未改装,,6.342422680822207
31003286,中古マンション等,,31202,鳥取県,米子市,加茂町,米子,16,４ＬＤＫ,70,,,,平成7年,ＲＣ,住宅,住宅,,,,商業地域,80.0,400.0,2018年第１四半期,未改装,,6.857332496431268
31012414,中古マンション等,,31201,鳥取県,鳥取市,湖山町西,鳥取大学前,4,１Ｋ,25,,,,平成3年,ＳＲＣ,住宅,,,,,近隣商業地域,80.0,200.0,2011年第４四半期,未改装,,6.414973347970818
31010546,中古マンション等,,31201,鳥取県,鳥取市,富安,鳥取,11,３ＬＤＫ,70,,,,平成10年,鉄骨造,住宅,,,,,第１種住居地域,60.0,200.0,2010年第１四半期,未改装,,7.113943352306837
31004687,中古マンション等,,31202,鳥取県,米子市,米原,後藤,6,２ＬＤＫ,65,,,,,ＲＣ,,住宅,,,,準工業地域,60.0,200.0,2019年第２四半期,,,7.230448921378274
31010329,中古マンション等,,31202,鳥取県,米子市,東町,米子,6,２ＬＤＫ,70,,,,平成22年,ＲＣ,住宅,,,,,商業地域,80.0,500.0,2014年第１四半期,未改装,,7.342422680822207
31011513,中古マンション等,,31202,鳥取県,米子市,錦町,米子,30分?60分,３ＬＤＫ,65,,,,平成7年,ＲＣ,住宅,,,,,近隣商業地域,80.0,300.0,2010年第３四半期,未改装,,6.963787827345556
31003050,中古マンション等,,31202,鳥取県,米子市,皆生温泉,米子,1H?1H30,２Ｋ,35,,,,昭和51年,鉄骨造,住宅,住宅,,,,商業地域,80.0,400.0,2015年第３四半期,未改装,,6.041392685158225
31015335,中古マンション等,,31202,鳥取県,米子市,上後藤,三本松口,5,４ＬＤＫ,85,,,,平成19年,ＲＣ,住宅,,,,,第２種中高層住居専用地域,60.0,200.0,2012年第３四半期,未改装,,7.230448921378274
31017052,中古マンション等,,31202,鳥取県,米子市,皆生温泉,米子,1H?1H30,１Ｋ,20,,,,昭和53年,ＳＲＣ,住宅,,,,,第１種住居地域,60.0,200.0,2013年第３四半期,改装済,,6.079181246047625
31017055,中古マンション等,,31202,鳥取県,米子市,皆生温泉,米子,1H?1H30,３ＬＤＫ,65,,,,平成13年,ＲＣ,住宅,,,,,第１種住居地域,60.0,200.0,2013年第３四半期,改装済,,7.041392685158225
31009844,中古マンション等,,31201,鳥取県,鳥取市,青葉町,鳥取,29,２ＬＤＫ＋Ｓ,65,,,,平成15年,ＲＣ,住宅,,,,,近隣商業地域,80.0,200.0,2010年第２四半期,未改装,調停・競売等,6.963787827345556
31017053,中古マンション等,,31202,鳥取県,米子市,皆生温泉,米子,1H?1H30,１Ｋ,20,,,,昭和53年,ＲＣ,住宅,,,,,第１種住居地域,60.0,200.0,2013年第３四半期,未改装,,6.176091259055681
31002163,中古マンション等,,31201,鳥取県,鳥取市,本町,鳥取,13,,75,,,,昭和64年,,,住宅,,,,商業地域,80.0,400.0,2018年第１四半期,未改装,,6.505149978319906
31014956,中古マンション等,,31201,鳥取県,鳥取市,湖山町西,鳥取大学前,5,１Ｋ,20,,,,平成3年,ＳＲＣ,住宅,,,,,近隣商業地域,80.0,200.0,2012年第３四半期,未改装,,6.342422680822207
31012064,中古マンション等,,31201,鳥取県,鳥取市,川端,鳥取,10,３ＬＤＫ,65,,,,平成14年,ＳＲＣ,住宅,,,,,商業地域,80.0,400.0,2011年第４四半期,未改装,,7.301029995663981
31001406,中古マンション等,,31201,鳥取県,鳥取市,末広温泉町,鳥取,8,３ＬＤＫ,65,,,,平成9年,鉄骨造,,住宅,,,,商業地域,80.0,400.0,2019年第３四半期,,,7.113943352306837
31013221,中古マンション等,,31202,鳥取県,米子市,上福原,東山公園(鳥取),30分?60分,３ＬＤＫ,65,,,,平成6年,ＳＲＣ,住宅,,,,,第１種中高層住居専用地域,60.0,200.0,2011年第３四半期,未改装,,6.929418925714293
31000408,中古マンション等,,31201,鳥取県,鳥取市,川端,鳥取,12,３ＬＤＫ,70,,,,平成16年,ＳＲＣ,住宅,住宅,,,,近隣商業地域,80.0,300.0,2018年第４四半期,,,7.204119982655925
31003919,中古マンション等,,31202,鳥取県,米子市,中町,米子,15,４ＬＤＫ,80,,,,平成15年,ＲＣ,住宅,住宅,,,,商業地域,80.0,400.0,2016年第３四半期,未改装,,7.278753600952829
31004215,中古マンション等,,31202,鳥取県,米子市,東町,米子,8,３ＬＤＫ,70,,,,平成4年,ＳＲＣ,住宅,住宅,,,,商業地域,80.0,500.0,2017年第４四半期,未改装,,7.204119982655925
31001053,中古マンション等,,31201,鳥取県,鳥取市,湖山町西,鳥取大学前,5,１Ｋ,15,,,,平成3年,ＳＲＣ,住宅,住宅,,,,近隣商業地域,80.0,200.0,2016年第４四半期,改装済,,6.518513939877887
31016960,中古マンション等,,31201,鳥取県,鳥取市,吉方温泉,鳥取,8,３ＬＤＫ,65,,,,平成18年,ＲＣ,住宅,,,,,商業地域,80.0,400.0,2013年第１四半期,未改装,,7.230448921378274
31018988,中古マンション等,,31202,鳥取県,米子市,米原,後藤,4,３ＬＤＫ,65,,,,平成2年,ＳＲＣ,住宅,,,,,第１種住居地域,60.0,200.0,2009年第４四半期,改装済,,6.845098040014257
31004254,中古マンション等,,31202,鳥取県,米子市,東福原,米子,30分?60分,３ＬＤＫ,65,,,,平成17年,ＲＣ,,住宅,,,,第１種住居地域,60.0,200.0,2018年第１四半期,未改装,,7.146128035678238
31003967,中古マンション等,,31202,鳥取県,米子市,錦町,後藤,5,３ＬＤＫ,65,,,,平成8年,ＲＣ,住宅,住宅,,,,近隣商業地域,80.0,300.0,2015年第３四半期,未改装,,7.041392685158225
31011835,中古マンション等,,31202,鳥取県,米子市,米原,後藤,3,３ＬＤＫ,70,,,,平成13年,ＲＣ,住宅,,,,,第１種住居地域,60.0,200.0,2010年第３四半期,未改装,,7.041392685158225
31001710,中古マンション等,,31201,鳥取県,鳥取市,富安,鳥取,9,３ＬＤＫ,85,,,,平成2年,鉄骨造,住宅,住宅,,,,第１種住居地域,60.0,200.0,2017年第１四半期,未改装,,6.799340549453582
31004708,中古マンション等,,31202,鳥取県,米子市,米原,後藤,3,２ＬＤＫ,60,,,,平成13年,ＲＣ,住宅,住宅,,,,第１種住居地域,60.0,200.0,2015年第２四半期,未改装,,6.991226075692495
31020565,中古マンション等,,31201,鳥取県,鳥取市,南町,鳥取,13,３ＬＤＫ,65,,,,昭和64年,ＳＲＣ,住宅,,,,,近隣商業地域,80.0,300.0,2007年第４四半期,未改装,,6.698970004336019
31002248,中古マンション等,,31201,鳥取県,鳥取市,南町,鳥取,9,３ＤＫ,60,,,,昭和64年,ＳＲＣ,住宅,住宅,,,,近隣商業地域,80.0,300.0,2016年第４四半期,未改装,,6.9084850188786495
31017068,中古マンション等,,31202,鳥取県,米子市,上後藤,三本松口,5,３ＬＤＫ,70,,,,平成19年,ＲＣ,住宅,,,,,第２種中高層住居専用地域,60.0,200.0,2013年第４四半期,未改装,,7.146128035678238
31011822,中古マンション等,,31202,鳥取県,米子市,米原,後藤,8,３ＬＤＫ,75,,,,平成20年,ＲＣ,住宅,,,,,準工業地域,60.0,200.0,2010年第３四半期,改装済,,7.278753600952829
31002161,中古マンション等,,31201,鳥取県,鳥取市,本町,鳥取,13,３ＬＤＫ,75,,,,昭和64年,ＳＲＣ,,住宅,,,,商業地域,80.0,400.0,2019年第３四半期,,,6.544068044350276
31004225,中古マンション等,,31202,鳥取県,米子市,東福原,富士見町(鳥取),28,３ＬＤＫ,70,,,,,ＲＣ,住宅,住宅,,,,,,,2019年第１四半期,改装済,,7.301029995663981
31020857,中古マンション等,,31202,鳥取県,米子市,上福原,米子,30分?60分,３ＬＤＫ,65,,,,,ＳＲＣ,住宅,,,,,第１種中高層住居専用地域,60.0,200.0,2007年第２四半期,未改装,,6.954242509439325
31018622,中古マンション等,,31201,鳥取県,鳥取市,吉方,鳥取,14,３ＬＤＫ,70,,,,平成8年,ＲＣ,住宅,,,,,準工業地域,60.0,200.0,2009年第１四半期,改装済,,7.113943352306837
31017214,中古マンション等,,31202,鳥取県,米子市,錦町,後藤,5,３ＬＤＫ,65,,,,平成8年,ＲＣ,住宅,,,,,近隣商業地域,80.0,300.0,2013年第４四半期,未改装,,7.079181246047625
31001055,中古マンション等,,31201,鳥取県,鳥取市,湖山町西,鳥取大学前,5,１Ｋ,20,,,,平成3年,ＳＲＣ,住宅,住宅,,,,近隣商業地域,80.0,200.0,2016年第２四半期,,,6.477121254719663
31013163,中古マンション等,,31202,鳥取県,米子市,皆生温泉,米子,1H?1H30,１ＤＫ,20,,,,昭和51年,鉄骨造,住宅,,,,,商業地域,80.0,400.0,2011年第３四半期,未改装,,5.698970004336019
31018655,中古マンション等,,31201,鳥取県,鳥取市,吉成,鳥取,20,３ＬＤＫ,65,,,,平成12年,ＲＣ,住宅,,,,,準工業地域,60.0,200.0,2009年第２四半期,改装済,,7.041392685158225
31002239,中古マンション等,,31201,鳥取県,鳥取市,南町,鳥取,9,４ＬＤＫ,90,,,,,ＳＲＣ,,住宅,,,,近隣商業地域,80.0,300.0,2019年第３四半期,,,6.778151250383644
31010469,中古マンション等,,31201,鳥取県,鳥取市,末広温泉町,鳥取,8,３ＬＤＫ,65,,,,平成9年,ＳＲＣ,住宅,,,,,商業地域,80.0,400.0,2010年第４四半期,未改装,調停・競売等,6.939519252618618
31000414,中古マンション等,,31201,鳥取県,鳥取市,川端,鳥取,13,３ＬＤＫ,70,,,,平成16年,ＳＲＣ,住宅,住宅,,,,近隣商業地域,80.0,300.0,2016年第３四半期,未改装,,7.2552725051033065
31003942,中古マンション等,,31202,鳥取県,米子市,錦町,後藤,4,３ＬＤＫ,75,,,,平成8年,ＲＣ,,住宅,,,,近隣商業地域,60.0,200.0,2020年第１四半期,,,7.041392685158225
31003024,中古マンション等,,31202,鳥取県,米子市,皆生温泉,米子,1H?1H30,３ＬＤＫ,70,,,,平成13年,ＲＣ,住宅,住宅,,,,第１種住居地域,60.0,200.0,2017年第４四半期,未改装,調停・競売等,6.8512583487190755
31011805,中古マンション等,,31202,鳥取県,米子市,米原,後藤,6,３ＬＤＫ,65,,,,平成20年,ＲＣ,住宅,,,,,準工業地域,60.0,200.0,2010年第３四半期,未改装,,7.041392685158225
31011866,中古マンション等,,31202,鳥取県,米子市,米原,米子,30分?60分,３ＬＤＫ,80,,,,平成22年,ＲＣ,住宅,,,,,準工業地域,60.0,200.0,2010年第３四半期,改装済,,7.278753600952829
31002450,中古マンション等,,31201,鳥取県,鳥取市,元町,鳥取,10,３ＬＤＫ,85,,,,平成19年,ＲＣ,住宅,,,,,商業地域,80.0,400.0,2016年第４四半期,,,7.3979400086720375
31003258,中古マンション等,,31202,鳥取県,米子市,上福原,米子,30分?60分,３ＬＤＫ,60,,,,平成6年,ＳＲＣ,住宅,住宅,,,,第１種中高層住居専用地域,60.0,200.0,2015年第３四半期,未改装,,6.8750612633917
31016691,中古マンション等,,31201,鳥取県,鳥取市,湖山町西,鳥取大学前,4,２ＬＤＫ,35,,,,平成3年,ＳＲＣ,住宅,,,,,近隣商業地域,80.0,200.0,2013年第３四半期,未改装,,6.505149978319906
31017227,中古マンション等,,31202,鳥取県,米子市,西福原,三本松口,29,,80,,,,平成16年,ＲＣ,住宅,,,,,第１種中高層住居専用地域,60.0,200.0,2013年第４四半期,未改装,,7.176091259055681
31014977,中古マンション等,,31201,鳥取県,鳥取市,栄町,鳥取,6,４ＬＤＫ,85,,,,平成14年,ＳＲＣ,住宅,,,,,商業地域,80.0,400.0,2012年第１四半期,未改装,,7.301029995663981
31009850,中古マンション等,,31202,鳥取県,米子市,皆生,米子,1H?1H30,３ＬＤＫ,80,,,,平成21年,ＲＣ,住宅,住宅,,,,第２種中高層住居専用地域,60.0,200.0,2014年第２四半期,未改装,,7.380211241711606
31011505,中古マンション等,,31202,鳥取県,米子市,錦町,後藤,4,３ＤＫ,70,,,,昭和59年,ＳＲＣ,住宅,,,,,近隣商業地域,80.0,300.0,2010年第３四半期,,,6.698970004336019
31002344,中古マンション等,,31201,鳥取県,鳥取市,宮長,鳥取,30分?60分,３ＬＤＫ,70,,,,平成18年,ＲＣ,住宅,住宅,,,,準工業地域,60.0,200.0,2019年第１四半期,未改装,,7.278753600952829
31011810,中古マンション等,,31202,鳥取県,米子市,米原,後藤,6,４ＬＤＫ,80,,,,平成20年,ＲＣ,住宅,,,,,準工業地域,60.0,200.0,2010年第３四半期,未改装,,7.146128035678238
31002509,中古マンション等,,31201,鳥取県,鳥取市,吉方,鳥取,13,４ＬＤＫ,75,,,,平成8年,ＲＣ,,住宅,,,,準工業地域,60.0,200.0,2019年第３四半期,未改装,,7.230448921378274
31018760,中古マンション等,,31202,鳥取県,米子市,上福原,米子,30分?60分,３ＬＤＫ,60,,,,平成6年,ＳＲＣ,住宅,,,,,第１種中高層住居専用地域,60.0,200.0,2009年第２四半期,未改装,,6.845098040014257
31015329,中古マンション等,,31202,鳥取県,米子市,角盤町,博労町,7,３ＬＤＫ,70,,,,平成12年,ＳＲＣ,住宅,,,,,商業地域,80.0,400.0,2012年第４四半期,未改装,,7.041392685158225
31004678,中古マンション等,,31202,鳥取県,米子市,米原,後藤,4,３ＬＤＫ,70,,,,平成29年,ＲＣ,,,,,,準工業地域,60.0,200.0,2020年第１四半期,,,7.342422680822207
31018726,中古マンション等,,31202,鳥取県,米子市,皆生温泉,米子,1H?1H30,１Ｋ,20,,,,昭和53年,ＲＣ,住宅,,,,,第１種住居地域,60.0,200.0,2009年第４四半期,改装済,,6.361727836017593
31004217,中古マンション等,,31202,鳥取県,米子市,東町,米子,6,３ＬＤＫ,80,,,,平成21年,ＲＣ,住宅,住宅,,,,商業地域,80.0,500.0,2017年第１四半期,未改装,,7.431363764158987
31013701,中古マンション等,,31202,鳥取県,米子市,目久美町,米子,14,,60,,,,平成6年,ＲＣ,住宅,,,,,準工業地域,60.0,200.0,2011年第２四半期,未改装,,6.778151250383644
31000619,中古マンション等,,31201,鳥取県,鳥取市,行徳,鳥取,8,３ＬＤＫ,65,,,,,ＲＣ,,住宅,,,,近隣商業地域,80.0,300.0,2019年第４四半期,改装済,,7.0
31003406,中古マンション等,,31202,鳥取県,米子市,観音寺新町,米子,30分?60分,３ＬＤＫ,65,,,,平成21年,,,住宅,,,,第２種中高層住居専用地域,60.0,200.0,2019年第４四半期,,,7.230448921378274
31009975,中古マンション等,,31202,鳥取県,米子市,加茂町,米子,17,３ＬＤＫ,60,,,,平成7年,ＲＣ,住宅,,,,,商業地域,80.0,400.0,2014年第１四半期,未改装,,6.8061799739838875
31004249,中古マンション等,,31202,鳥取県,米子市,東福原,米子,30分?60分,３ＬＤＫ,65,,,,平成17年,ＲＣ,住宅,住宅,,,,第１種住居地域,60.0,200.0,2018年第２四半期,未改装,,7.146128035678238
31003587,中古マンション等,,31202,鳥取県,米子市,昭和町,米子,13,３ＬＤＫ,85,,,,平成20年,ＲＣ,住宅,住宅,,,,近隣商業地域,80.0,300.0,2017年第１四半期,未改装,,7.278753600952829
31003037,中古マンション等,,31202,鳥取県,米子市,皆生温泉,米子,1H?1H30,１ＤＫ,25,,,,昭和51年,鉄骨造,住宅,住宅,,,,商業地域,80.0,400.0,2016年第３四半期,未改装,,6.0
31021070,中古マンション等,,31202,鳥取県,米子市,西福原,後藤,21,３ＬＤＫ,70,,,,平成16年,ＲＣ,住宅,,,,,第１種中高層住居専用地域,60.0,200.0,2007年第４四半期,未改装,調停・競売等,7.079181246047625
31020804,中古マンション等,,31202,鳥取県,米子市,皆生温泉,米子,1H?1H30,１Ｋ,25,,,,昭和49年,ＲＣ,住宅,,,,,商業地域,80.0,400.0,2008年第４四半期,未改装,,6.230448921378274
31004685,中古マンション等,,31202,鳥取県,米子市,米原,後藤,4,３ＬＤＫ,80,,,,平成29年,ＲＣ,,住宅,,,,準工業地域,60.0,200.0,2019年第３四半期,,,7.230448921378274
31011799,中古マンション等,,31202,鳥取県,米子市,米原,後藤,8,３ＬＤＫ,70,,,,平成20年,ＲＣ,住宅,,,,,準工業地域,60.0,200.0,2010年第４四半期,未改装,,7.230448921378274
31011815,中古マンション等,,31202,鳥取県,米子市,米原,後藤,6,３ＬＤＫ,65,,,,平成20年,ＲＣ,住宅,,,,,準工業地域,60.0,200.0,2010年第３四半期,未改装,,7.079181246047625
31012755,中古マンション等,,31201,鳥取県,鳥取市,富安,鳥取,9,３ＬＤＫ,75,,,,平成17年,ＲＣ,住宅,,,,,商業地域,80.0,400.0,2011年第４四半期,未改装,,7.230448921378274
31003222,中古マンション等,,31202,鳥取県,米子市,上福原,米子,30分?60分,３ＬＤＫ,65,,,,平成6年,ＳＲＣ,住宅,住宅,,,,第１種中高層住居専用地域,60.0,200.0,2018年第１四半期,未改装,,6.903089986991944
31011149,中古マンション等,,31202,鳥取県,米子市,皆生温泉,米子,1H?1H30,１Ｋ,20,,,,昭和51年,鉄骨造,住宅,,,,,商業地域,80.0,400.0,2010年第１四半期,未改装,,6.079181246047625
31013798,中古マンション等,,31202,鳥取県,米子市,米原,米子,30分?60分,３ＬＤＫ,70,,,,平成20年,ＲＣ,住宅,,,,,準工業地域,60.0,200.0,2011年第３四半期,未改装,,7.2552725051033065
31003045,中古マンション等,,31202,鳥取県,米子市,皆生温泉,米子,1H?1H30,４ＬＤＫ,80,,,,平成13年,ＲＣ,住宅,住宅,,,,第１種住居地域,60.0,200.0,2015年第４四半期,未改装,調停・競売等,7.041392685158225
31018736,中古マンション等,,31202,鳥取県,米子市,皆生温泉,米子,1H?1H30,１Ｋ,20,,,,昭和53年,ＳＲＣ,住宅,,,,,第１種住居地域,60.0,200.0,2009年第１四半期,,,6.301029995663981
31014802,中古マンション等,,31201,鳥取県,鳥取市,永楽温泉町,鳥取,7,４ＬＤＫ,115,,,,平成18年,ＲＣ,住宅,,,,,商業地域,80.0,500.0,2012年第４四半期,未改装,,7.3222192947339195
31002601,中古マンション等,,31201,鳥取県,鳥取市,吉成,鳥取,14,３ＬＤＫ,70,,,,平成10年,ＲＣ,,,,,,第１種住居地域,60.0,200.0,2019年第４四半期,改装済,,7.2552725051033065
31013515,中古マンション等,,31202,鳥取県,米子市,錦町,後藤,7,２ＬＤＫ,55,,,,平成7年,ＲＣ,住宅,,,,,近隣商業地域,80.0,300.0,2011年第４四半期,未改装,,6.903089986991944
31001701,中古マンション等,,31201,鳥取県,鳥取市,富安,鳥取,8,４ＬＤＫ,100,,,,平成18年,ＲＣ,住宅,住宅,,,,商業地域,80.0,400.0,2018年第３四半期,,,7.361727836017593
31020369,中古マンション等,,31201,鳥取県,鳥取市,富安,鳥取,4,３ＬＤＫ,65,,,,平成13年,ＳＲＣ,住宅,,,,,商業地域,80.0,400.0,2008年第３四半期,未改装,,7.2552725051033065
31010357,中古マンション等,,31201,鳥取県,鳥取市,湖山町西,鳥取大学前,5,１Ｋ,15,,,,平成3年,ＳＲＣ,住宅,,,,,近隣商業地域,80.0,200.0,2010年第４四半期,未改装,,6.3222192947339195
31011135,中古マンション等,,31202,鳥取県,米子市,皆生,米子,1H?1H30,３ＬＤＫ,65,,,,平成21年,ＲＣ,住宅,,,,,第２種中高層住居専用地域,60.0,200.0,2010年第１四半期,未改装,,7.176091259055681
31021268,中古マンション等,,31202,鳥取県,米子市,米原,後藤,4,３ＬＤＫ,65,,,,平成13年,ＲＣ,住宅,,,,,第１種住居地域,60.0,200.0,2008年第３四半期,改装済,,7.146128035678238
31014886,中古マンション等,,31201,鳥取県,鳥取市,行徳,鳥取,9,３ＬＤＫ,65,,,,平成16年,ＲＣ,住宅,,,,,近隣商業地域,60.0,300.0,2012年第２四半期,未改装,,7.176091259055681
31003226,中古マンション等,,31202,鳥取県,米子市,上福原,米子,30分?60分,３ＬＤＫ,65,,,,平成6年,ＳＲＣ,,住宅,,,,第１種中高層住居専用地域,60.0,200.0,2017年第４四半期,改装済,,7.041392685158225
31021269,中古マンション等,,31202,鳥取県,米子市,米原,後藤,3,３ＬＤＫ,65,,,,平成2年,ＳＲＣ,住宅,,,,,第１種住居地域,60.0,200.0,2008年第２四半期,,,7.968482948553935
31010282,中古マンション等,,31202,鳥取県,米子市,西福原,米子,30分?60分,２ＬＤＫ,60,,,,平成16年,ＲＣ,住宅,住宅,,,,第１種中高層住居専用地域,60.0,200.0,2014年第３四半期,未改装,,7.230448921378274
31010356,中古マンション等,,31201,鳥取県,鳥取市,湖山町西,鳥取大学前,5,１Ｋ,20,,,,平成3年,ＳＲＣ,住宅,,,,,近隣商業地域,80.0,200.0,2010年第４四半期,未改装,調停・競売等,6.556302500767288
31013452,中古マンション等,,31202,鳥取県,米子市,道笑町,米子,21,４ＬＤＫ,85,,,,平成14年,ＲＣ,住宅,,,,,第１種住居地域,60.0,200.0,2011年第４四半期,未改装,,7.2552725051033065
31011827,中古マンション等,,31202,鳥取県,米子市,米原,後藤,6,３ＬＤＫ,70,,,,平成20年,ＲＣ,住宅,,,,,準工業地域,60.0,200.0,2010年第３四半期,未改装,,7.278753600952829
31001409,中古マンション等,,31201,鳥取県,鳥取市,末広温泉町,鳥取,9,３ＬＤＫ,65,,,,平成9年,ＳＲＣ,住宅,住宅,,,,商業地域,80.0,400.0,2017年第３四半期,未改装,,7.113943352306837
31011438,中古マンション等,,31202,鳥取県,米子市,道笑町,米子,22,４ＬＤＫ,85,,,,平成14年,ＲＣ,住宅,,,,,第１種住居地域,60.0,200.0,2010年第４四半期,未改装,,7.278753600952829
31004681,中古マンション等,,31202,鳥取県,米子市,米原,後藤,6,３ＬＤＫ,70,,,,平成20年,,,住宅,,,,準工業地域,60.0,200.0,2019年第４四半期,,,7.2552725051033065
31001405,中古マンション等,,31201,鳥取県,鳥取市,末広温泉町,鳥取,8,３ＬＤＫ,65,,,,平成9年,ＳＲＣ,住宅,住宅,,,,商業地域,80.0,400.0,2019年第４四半期,未改装,,7.041392685158225
31017333,中古マンション等,,31202,鳥取県,米子市,米原,後藤,4,４ＬＤＫ,80,,,,平成2年,ＳＲＣ,住宅,,,,,第１種住居地域,60.0,200.0,2013年第２四半期,未改装,,7.079181246047625
31003019,中古マンション等,,31202,鳥取県,米子市,皆生温泉,米子,1H?1H30,３ＬＤＫ,80,,,,平成13年,ＲＣ,住宅,住宅,,,,第１種住居地域,60.0,200.0,2018年第１四半期,未改装,,7.113943352306837
31015303,中古マンション等,,31202,鳥取県,米子市,皆生,米子,1H?1H30,４ＬＤＫ,85,,,,平成21年,ＲＣ,住宅,,,,,第２種中高層住居専用地域,60.0,200.0,2012年第３四半期,未改装,,7.278753600952829
31013282,中古マンション等,,31202,鳥取県,米子市,加茂町,米子,15,３ＬＤＫ,70,,,,平成7年,ＲＣ,住宅,,,,,商業地域,80.0,400.0,2011年第２四半期,未改装,,7.079181246047625
31015247,中古マンション等,,31201,鳥取県,鳥取市,吉方温泉,鳥取,11,３ＬＤＫ,95,,,,平成20年,ＲＣ,住宅,,,,,商業地域,80.0,400.0,2012年第１四半期,未改装,,7.3979400086720375
31017184,中古マンション等,,31202,鳥取県,米子市,道笑町,米子,18,３ＬＤＫ,70,,,,平成7年,ＲＣ,住宅,,,,,近隣商業地域,80.0,300.0,2013年第２四半期,未改装,,7.113943352306837
31009581,中古マンション等,,31201,鳥取県,鳥取市,富安,鳥取,10,３ＬＤＫ＋Ｓ,90,,,,平成19年,ＲＣ,住宅,住宅,,,,商業地域,80.0,400.0,2014年第４四半期,未改装,,7.278753600952829
31014850,中古マンション等,,31201,鳥取県,鳥取市,川端,鳥取,12,２ＬＤＫ,60,,,,平成16年,ＳＲＣ,住宅,,,,,近隣商業地域,80.0,300.0,2012年第４四半期,未改装,,6.8750612633917
31015540,中古マンション等,,31202,鳥取県,米子市,東福原,米子,30分?60分,２ＬＤＫ,60,,,,平成17年,ＲＣ,住宅,,,,,第１種住居地域,60.0,200.0,2012年第３四半期,未改装,,6.986771734266245
31017215,中古マンション等,,31202,鳥取県,米子市,錦町,後藤,3,４ＬＤＫ,80,,,,昭和59年,ＳＲＣ,住宅,,,,,近隣商業地域,80.0,300.0,2013年第１四半期,改装済,,6.8750612633917
31003041,中古マンション等,,31202,鳥取県,米子市,皆生温泉,米子,1H?1H30,１Ｋ,20,,,,昭和53年,ＲＣ,住宅,住宅,,,,第１種住居地域,60.0,200.0,2016年第２四半期,未改装,,6.301029995663981
31015194,中古マンション等,,31201,鳥取県,鳥取市,南町,鳥取,8,３ＬＤＫ,75,,,,平成12年,ＳＲＣ,住宅,,,,,商業地域,80.0,400.0,2012年第２四半期,未改装,,7.176091259055681
31000158,中古マンション等,,31201,鳥取県,鳥取市,永楽温泉町,鳥取,8,２ＬＤＫ,85,,,,平成18年,ＲＣ,,住宅,,,,商業地域,80.0,400.0,2017年第３四半期,未改装,,7.361727836017593
31020808,中古マンション等,,31202,鳥取県,米子市,皆生温泉,米子,1H?1H30,１Ｋ,20,,,,昭和49年,ＲＣ,住宅,,,,,商業地域,80.0,400.0,2007年第４四半期,未改装,,6.3979400086720375
31018913,中古マンション等,,31202,鳥取県,米子市,東町,米子,9,３ＬＤＫ,65,,,,平成15年,ＳＲＣ,住宅,,,,,商業地域,80.0,400.0,2009年第１四半期,改装済,,7.3222192947339195
31004680,中古マンション等,,31202,鳥取県,米子市,米原,後藤,4,,65,,,,,ＳＲＣ,,住宅,,,,第１種住居地域,60.0,200.0,2019年第４四半期,改装済,,6.944482672150168
31020809,中古マンション等,,31202,鳥取県,米子市,皆生温泉,米子,1H?1H30,１Ｋ,25,,,,昭和53年,ＳＲＣ,住宅,,,,,第１種住居地域,60.0,200.0,2007年第３四半期,未改装,,6.518513939877887
31013256,中古マンション等,,31202,鳥取県,米子市,上福原,米子,30分?60分,３ＬＤＫ,60,,,,平成6年,ＳＲＣ,住宅,,,,,第１種中高層住居専用地域,60.0,200.0,2011年第３四半期,改装済,,6.903089986991944
31018989,中古マンション等,,31202,鳥取県,米子市,米原,後藤,4,３ＬＤＫ,65,,,,平成2年,ＳＲＣ,住宅,,,,,第１種住居地域,60.0,200.0,2009年第４四半期,改装済,,6.897627091290442
31003218,中古マンション等,,31202,鳥取県,米子市,上福原,米子,30分?60分,３ＬＤＫ,70,,,,平成6年,ＳＲＣ,住宅,住宅,,,,第１種中高層住居専用地域,60.0,200.0,2018年第２四半期,未改装,,7.113943352306837
31003982,中古マンション等,,31202,鳥取県,米子市,西町,米子,14,４ＬＤＫ,90,,,,平成15年,ＳＲＣ,住宅,,,,,第１種住居地域,60.0,200.0,2015年第１四半期,未改装,,7.414973347970818
31003918,中古マンション等,,31202,鳥取県,米子市,中町,米子,15,３ＬＤＫ,70,,,,平成15年,ＲＣ,,住宅,,,,商業地域,80.0,400.0,2019年第１四半期,未改装,調停・競売等,7.146128035678238
31002339,中古マンション等,,31201,鳥取県,鳥取市,宮長,鳥取,30分?60分,３ＬＤＫ,70,,,,,ＲＣ,,住宅,,,,準工業地域,60.0,200.0,2019年第４四半期,未改装,,7.204119982655925
31000412,中古マンション等,,31201,鳥取県,鳥取市,川端,鳥取,13,３ＬＤＫ,70,,,,平成16年,,,住宅,,,,近隣商業地域,80.0,300.0,2017年第４四半期,未改装,,6.230448921378274
31001094,中古マンション等,,31201,鳥取県,鳥取市,湖山町東,湖山,3,４ＬＤＫ,80,,,,平成19年,ＲＣ,住宅,住宅,,,,第１種住居地域,60.0,200.0,2016年第１四半期,未改装,,7.278753600952829
31000630,中古マンション等,,31201,鳥取県,鳥取市,行徳,鳥取,10,２ＬＤＫ,85,,,,平成21年,,,その他,,,,近隣商業地域,80.0,300.0,2018年第１四半期,未改装,,7.361727836017593
31004684,中古マンション等,,31202,鳥取県,米子市,米原,後藤,8,３ＬＤＫ,70,,,,平成27年,,,住宅,,,,準工業地域,60.0,200.0,2019年第３四半期,,,7.361727836017593
31001058,中古マンション等,,31201,鳥取県,鳥取市,湖山町西,鳥取大学前,5,１Ｋ,20,,,,平成3年,ＳＲＣ,住宅,住宅,,,,近隣商業地域,80.0,200.0,2016年第２四半期,未改装,,6.544068044350276
31004705,中古マンション等,,31202,鳥取県,米子市,米原,後藤,8,３ＬＤＫ,70,,,,平成20年,ＲＣ,住宅,住宅,,,,準工業地域,60.0,200.0,2015年第３四半期,未改装,,7.230448921378274
31011279,中古マンション等,,31202,鳥取県,米子市,加茂町,米子,16,４ＬＤＫ,70,,,,平成7年,ＲＣ,住宅,,,,,商業地域,80.0,400.0,2010年第１四半期,未改装,調停・競売等,6.778151250383644
31011816,中古マンション等,,31202,鳥取県,米子市,米原,後藤,6,３ＬＤＫ,70,,,,平成20年,ＲＣ,住宅,,,,,準工業地域,60.0,200.0,2010年第３四半期,未改装,,7.079181246047625
31010978,中古マンション等,,31201,鳥取県,鳥取市,吉方,鳥取,13,３ＬＤＫ,70,,,,平成8年,ＲＣ,住宅,,,,,準工業地域,60.0,200.0,2010年第４四半期,未改装,調停・競売等,6.939519252618618
31001096,中古マンション等,,31201,鳥取県,鳥取市,湖山町東,湖山,3,３ＬＤＫ,70,,,,平成19年,ＲＣ,住宅,住宅,,,,第１種住居地域,60.0,200.0,2016年第１四半期,未改装,,7.204119982655925
31001202,中古マンション等,,31201,鳥取県,鳥取市,栄町,鳥取,2,３ＬＤＫ,75,,,,,ＳＲＣ,,住宅,,,,商業地域,80.0,600.0,2019年第４四半期,未改装,,7.380211241711606
31003956,中古マンション等,,31202,鳥取県,米子市,錦町,後藤,3,４ＤＫ,70,,,,昭和59年,ＳＲＣ,住宅,住宅,,,,近隣商業地域,80.0,300.0,2018年第１四半期,未改装,,6.698970004336019
31011829,中古マンション等,,31202,鳥取県,米子市,米原,後藤,11,３ＬＤＫ,90,,,,平成22年,ＲＣ,住宅,,,,,準工業地域,60.0,200.0,2010年第３四半期,未改装,,7.278753600952829
31011571,中古マンション等,,31202,鳥取県,米子市,旗ヶ崎,米子,29,３ＬＤＫ,75,,,,平成10年,ＲＣ,住宅,,,,,第１種住居地域,60.0,200.0,2010年第４四半期,未改装,,7.041392685158225
31011801,中古マンション等,,31202,鳥取県,米子市,米原,後藤,8,３ＬＤＫ,70,,,,平成20年,ＲＣ,住宅,,,,,準工業地域,60.0,200.0,2010年第３四半期,改装済,,7.204119982655925
31000157,中古マンション等,,31201,鳥取県,鳥取市,永楽温泉町,鳥取,8,４ＬＤＫ,90,,,,平成18年,,,住宅,,,,商業地域,80.0,400.0,2017年第４四半期,未改装,,7.301029995663981
31000159,中古マンション等,,31201,鳥取県,鳥取市,永楽温泉町,鳥取,8,４ＬＤＫ,90,,,,平成18年,ＲＣ,住宅,,,,,商業地域,80.0,400.0,2016年第３四半期,未改装,,7.301029995663981
31015209,中古マンション等,,31201,鳥取県,鳥取市,宮長,鳥取,29,３ＬＤＫ,65,,,,平成18年,ＲＣ,住宅,,,,,準工業地域,60.0,200.0,2012年第３四半期,未改装,,7.113943352306837
31017259,中古マンション等,,31202,鳥取県,米子市,東福原,富士見町(鳥取),24,２ＤＫ＋Ｓ,65,,,,平成17年,ＲＣ,住宅,,,,,第１種住居地域,60.0,200.0,2013年第４四半期,未改装,,7.2552725051033065
31009447,中古マンション等,,31201,鳥取県,鳥取市,寿町,鳥取,15,３ＬＤＫ,70,,,,平成16年,ＲＣ,住宅,,,,,第１種住居地域,60.0,200.0,2014年第１四半期,未改装,,7.2552725051033065
31003980,中古マンション等,,31202,鳥取県,米子市,西町,米子,14,３ＬＤＫ,70,,,,平成15年,ＳＲＣ,住宅,住宅,,,,第１種住居地域,60.0,200.0,2018年第２四半期,,,7.146128035678238
31018621,中古マンション等,,31201,鳥取県,鳥取市,吉方,鳥取,14,３ＬＤＫ,65,,,,平成8年,ＲＣ,住宅,,,,,準工業地域,60.0,200.0,2009年第２四半期,未改装,,7.041392685158225
31011503,中古マンション等,,31202,鳥取県,米子市,錦町,後藤,5,３ＬＤＫ,75,,,,平成8年,ＲＣ,住宅,,,,,近隣商業地域,80.0,300.0,2010年第４四半期,未改装,,6.986771734266245
31004710,中古マンション等,,31202,鳥取県,米子市,米原,後藤,4,３ＬＤＫ,60,,,,昭和55年,ＳＲＣ,住宅,住宅,,,,準工業地域,60.0,200.0,2015年第１四半期,未改装,,6.3979400086720375
31003283,中古マンション等,,31202,鳥取県,米子市,加茂町,米子,16,４ＬＤＫ,70,,,,平成7年,ＲＣ,住宅,住宅,,,,商業地域,80.0,400.0,2018年第４四半期,未改装,,6.892094602690481
31001032,中古マンション等,,31201,鳥取県,鳥取市,湖山町西,湖山,5,１Ｋ,20,,,,平成3年,ＳＲＣ,住宅,住宅,,,,近隣商業地域,80.0,200.0,2017年第２四半期,未改装,,6.477121254719663
31004682,中古マンション等,,31202,鳥取県,米子市,米原,後藤,4,３ＬＤＫ,65,,,,,ＳＲＣ,住宅,住宅,,,,第１種住居地域,60.0,200.0,2019年第４四半期,未改装,,6.929418925714293
31013160,中古マンション等,,31202,鳥取県,米子市,皆生温泉,米子,1H?1H30,２Ｋ,25,,,,昭和49年,ＳＲＣ,住宅,,,,,商業地域,80.0,400.0,2011年第４四半期,未改装,,6.079181246047625
31009693,中古マンション等,,31201,鳥取県,鳥取市,南吉方,鳥取,14,２ＬＤＫ,60,,,,平成14年,ＲＣ,住宅,住宅,,,,準工業地域,60.0,200.0,2014年第２四半期,未改装,,7.041392685158225
31010360,中古マンション等,,31201,鳥取県,鳥取市,湖山町西,鳥取大学前,6,１Ｋ,15,,,,平成3年,ＳＲＣ,住宅,,,,,近隣商業地域,80.0,200.0,2010年第２四半期,未改装,,6.041392685158225
31010094,中古マンション等,,31201,鳥取県,鳥取市,川端,鳥取,10,４ＬＤＫ,85,,,,平成14年,ＳＲＣ,住宅,,,,,商業地域,80.0,400.0,2010年第２四半期,未改装,,7.301029995663981
31009948,中古マンション等,,31202,鳥取県,米子市,上福原,富士見町(鳥取),23,３ＬＤＫ,60,,,,平成6年,ＳＲＣ,住宅,,,,,第１種中高層住居専用地域,60.0,200.0,2014年第１四半期,未改装,,6.913813852383717
31021271,中古マンション等,,31202,鳥取県,米子市,米原,後藤,4,３ＬＤＫ,65,,,,平成2年,ＳＲＣ,住宅,,,,,第１種住居地域,60.0,200.0,2007年第４四半期,,,7.176091259055681
31011277,中古マンション等,,31202,鳥取県,米子市,加茂町,米子,15,４ＬＤＫ,70,,,,平成7年,ＲＣ,住宅,,,,,商業地域,80.0,400.0,2010年第３四半期,改装済,,6.832508912706237
31003262,中古マンション等,,31202,鳥取県,米子市,上福原,米子,30分?60分,３ＬＤＫ,70,,,,平成6年,ＳＲＣ,住宅,住宅,,,,第１種中高層住居専用地域,60.0,200.0,2015年第２四半期,未改装,,6.991226075692495
31003008,中古マンション等,,31202,鳥取県,米子市,皆生温泉,米子,1H?1H30,１Ｋ,20,,,,,ＳＲＣ,,,,,,第１種住居地域,60.0,200.0,2019年第４四半期,改装済,,6.230448921378274
31018994,中古マンション等,,31202,鳥取県,米子市,米原,後藤,20,３ＬＤＫ,65,,,,平成20年,ＲＣ,住宅,,,,,準工業地域,60.0,200.0,2009年第１四半期,,,7.204119982655925
31001201,中古マンション等,,31201,鳥取県,鳥取市,栄町,鳥取,6,３ＬＤＫ,70,,,,,,,住宅,,,,商業地域,80.0,400.0,2019年第４四半期,未改装,,7.278753600952829
31018741,中古マンション等,,31202,鳥取県,米子市,角盤町,富士見町(鳥取),8,２ＬＤＫ,60,,,,平成12年,ＳＲＣ,住宅,,,,,商業地域,80.0,400.0,2009年第３四半期,未改装,,6.903089986991944
31001057,中古マンション等,,31201,鳥取県,鳥取市,湖山町西,鳥取大学前,5,１Ｋ,15,,,,平成3年,ＳＲＣ,住宅,住宅,,,,近隣商業地域,80.0,200.0,2016年第２四半期,,,6.477121254719663
31020563,中古マンション等,,31201,鳥取県,鳥取市,南町,鳥取,10,３ＬＤＫ,75,,,,平成12年,ＳＲＣ,住宅,,,,,商業地域,80.0,400.0,2008年第２四半期,改装済,,7.230448921378274
31018333,中古マンション等,,31201,鳥取県,鳥取市,瓦町,鳥取,8,４ＬＤＫ,70,,,,平成8年,ＳＲＣ,住宅,,,,,商業地域,80.0,400.0,2009年第３四半期,改装済,,7.079181246047625
31021183,中古マンション等,,31202,鳥取県,米子市,目久美町,米子,13,３ＬＤＫ,60,,,,平成6年,ＲＣ,住宅,,,,,準工業地域,60.0,200.0,2008年第１四半期,未改装,調停・競売等,6.623249290397901
31016700,中古マンション等,,31201,鳥取県,鳥取市,湖山町東,湖山,3,３ＬＤＫ,65,,,,,ＲＣ,住宅,,,,,第１種住居地域,60.0,200.0,2013年第３四半期,未改装,,7.204119982655925
31009706,中古マンション等,,31201,鳥取県,鳥取市,宮長,鳥取,30分?60分,３ＬＤＫ,70,,,,平成18年,ＲＣ,住宅,,,,,準工業地域,60.0,200.0,2014年第１四半期,改装済,,7.176091259055681
31003410,中古マンション等,,31202,鳥取県,米子市,観音寺新町,米子,30分?60分,３ＬＤＫ,70,,,,平成30年,ＲＣ,住宅,住宅,,,,第２種中高層住居専用地域,60.0,200.0,2019年第３四半期,未改装,,7.3979400086720375
31000409,中古マンション等,,31201,鳥取県,鳥取市,川端,鳥取,9,オープンフロア,25,,,,平成14年,ＳＲＣ,,店舗,,,,商業地域,80.0,400.0,2018年第１四半期,未改装,,6.698970004336019
31001095,中古マンション等,,31201,鳥取県,鳥取市,湖山町東,湖山,10,３ＬＤＫ,70,,,,平成20年,ＲＣ,住宅,住宅,,,,工業地域,60.0,200.0,2016年第１四半期,,,7.176091259055681
31003291,中古マンション等,,31202,鳥取県,米子市,加茂町,米子,15,４ＬＤＫ,70,,,,平成7年,ＲＣ,住宅,住宅,,,,商業地域,80.0,400.0,2015年第４四半期,未改装,,6.939519252618618
31016714,中古マンション等,,31201,鳥取県,鳥取市,幸町,鳥取,6,３ＬＤＫ,80,,,,平成20年,ＲＣ,住宅,,,,,近隣商業地域,60.0,300.0,2013年第１四半期,未改装,,7.2552725051033065
31003715,中古マンション等,,31202,鳥取県,米子市,道笑町,米子,15,３ＬＤＫ,80,,,,平成14年,,,住宅,,,,第１種住居地域,60.0,200.0,2019年第４四半期,,,7.176091259055681
31003223,中古マンション等,,31202,鳥取県,米子市,上福原,米子,30分?60分,３ＬＤＫ,65,,,,平成6年,ＳＲＣ,住宅,住宅,,,,第１種中高層住居専用地域,60.0,200.0,2018年第１四半期,未改装,,6.919078092376074
31001060,中古マンション等,,31201,鳥取県,鳥取市,湖山町西,鳥取大学前,5,１Ｋ,20,,,,平成3年,ＳＲＣ,住宅,住宅,,,,近隣商業地域,80.0,200.0,2016年第２四半期,未改装,,6.518513939877887
31009340,中古マンション等,,31201,鳥取県,鳥取市,川端,鳥取,10,４ＬＤＫ,85,,,,平成14年,ＳＲＣ,住宅,住宅,,,,商業地域,80.0,400.0,2014年第３四半期,未改装,,7.278753600952829
31004210,中古マンション等,,31202,鳥取県,米子市,東町,米子,9,３ＬＤＫ,70,,,,平成15年,ＳＲＣ,住宅,住宅,,,,商業地域,80.0,500.0,2019年第２四半期,改装済,,7.278753600952829
31000155,中古マンション等,,31201,鳥取県,鳥取市,永楽温泉町,鳥取,7,３ＬＤＫ,85,,,,,ＲＣ,,住宅,,,,商業地域,80.0,400.0,2019年第４四半期,,,7.278753600952829
31013796,中古マンション等,,31202,鳥取県,米子市,米原,米子,30分?60分,３ＬＤＫ,70,,,,平成20年,ＲＣ,住宅,,,,,準工業地域,60.0,200.0,2011年第４四半期,未改装,,7.230448921378274
31012422,中古マンション等,,31201,鳥取県,鳥取市,湖山町西,鳥取大学前,4,１Ｋ,20,,,,平成3年,ＳＲＣ,住宅,,,,,近隣商業地域,80.0,200.0,2011年第２四半期,,,6.3979400086720375
31010852,中古マンション等,,31201,鳥取県,鳥取市,南町,鳥取,6,３ＬＤＫ,55,,,,昭和64年,ＳＲＣ,住宅,,,,,近隣商業地域,80.0,300.0,2010年第２四半期,改装済,,6.857332496431268
31011325,中古マンション等,,31202,鳥取県,米子市,観音寺新町,米子,30分?60分,３ＬＤＫ,70,,,,平成19年,ＲＣ,住宅,,,,,第２種中高層住居専用地域,60.0,200.0,2010年第４四半期,未改装,調停・競売等,7.113943352306837
31000156,中古マンション等,,31201,鳥取県,鳥取市,永楽温泉町,鳥取,7,３ＬＤＫ,85,,,,平成18年,ＲＣ,住宅,住宅,,,,商業地域,80.0,400.0,2019年第４四半期,未改装,,7.204119982655925
31003046,中古マンション等,,31202,鳥取県,米子市,皆生温泉,米子,1H?1H30,１Ｋ,20,,,,昭和53年,ＲＣ,住宅,住宅,,,,第１種住居地域,60.0,200.0,2015年第４四半期,未改装,,5.903089986991944
31012416,中古マンション等,,31201,鳥取県,鳥取市,湖山町西,鳥取大学前,4,１Ｋ,25,,,,平成3年,ＳＲＣ,住宅,,,,,近隣商業地域,80.0,200.0,2011年第４四半期,未改装,,6.431363764158987
31003038,中古マンション等,,31202,鳥取県,米子市,皆生温泉,米子,1H?1H30,１Ｋ,25,,,,昭和49年,ＲＣ,住宅,住宅,,,,商業地域,80.0,400.0,2016年第３四半期,未改装,,5.954242509439325
31010265,中古マンション等,,31202,鳥取県,米子市,錦町,後藤,5,３ＬＤＫ,75,,,,平成8年,ＲＣ,住宅,住宅,,,,近隣商業地域,80.0,300.0,2014年第４四半期,未改装,,7.113943352306837
31016972,中古マンション等,,31201,鳥取県,鳥取市,吉成,鳥取,20,３ＬＤＫ,75,,,,平成12年,ＲＣ,住宅,,,,,準工業地域,60.0,200.0,2013年第３四半期,,,7.079181246047625
31000587,中古マンション等,,31201,鳥取県,鳥取市,瓦町,鳥取,7,３ＬＤＫ,60,,,,平成8年,,住宅,住宅,,,,商業地域,80.0,400.0,2018年第２四半期,改装済,,7.176091259055681
31014849,中古マンション等,,31201,鳥取県,鳥取市,川端,鳥取,14,３ＬＤＫ,70,,,,平成16年,ＳＲＣ,住宅,,,,,近隣商業地域,80.0,300.0,2012年第４四半期,未改装,,7.113943352306837
31004211,中古マンション等,,31202,鳥取県,米子市,東町,米子,8,１Ｋ,20,,,,平成4年,ＳＲＣ,,住宅,,,,商業地域,80.0,400.0,2019年第１四半期,,,6.477121254719663
31018751,中古マンション等,,31202,鳥取県,米子市,上後藤,米子,30分?60分,３ＬＤＫ,65,,,,平成19年,ＲＣ,住宅,,,,,第２種中高層住居専用地域,60.0,200.0,2009年第３四半期,未改装,,7.176091259055681
31002981,中古マンション等,,31202,鳥取県,米子市,皆生,米子,1H?1H30,２ＬＤＫ,80,,,,平成21年,ＲＣ,住宅,住宅,,,,第２種中高層住居専用地域,60.0,200.0,2016年第３四半期,未改装,,7.361727836017593
31001716,中古マンション等,,31201,鳥取県,鳥取市,富安,鳥取,9,３ＬＤＫ,75,,,,平成16年,ＲＣ,住宅,住宅,,,,商業地域,80.0,400.0,2016年第１四半期,,,7.176091259055681
31013015,中古マンション等,,31201,鳥取県,鳥取市,吉方温泉,鳥取,11,４ＬＤＫ,95,,,,平成20年,ＲＣ,住宅,,,,,商業地域,80.0,400.0,2011年第２四半期,未改装,,7.342422680822207
31009859,中古マンション等,,31202,鳥取県,米子市,皆生温泉,米子,1H?1H30,２Ｋ,30,,,,昭和49年,ＲＣ,住宅,,,,,商業地域,80.0,400.0,2014年第４四半期,,,6.2552725051033065
31020812,中古マンション等,,31202,鳥取県,米子市,皆生温泉,米子,1H?1H30,１ＬＫ,25,,,,昭和49年,ＳＲＣ,住宅,,,,,商業地域,80.0,400.0,2007年第２四半期,未改装,,6.146128035678238
31020602,中古マンション等,,31201,鳥取県,鳥取市,宮長,鳥取,30分?60分,３ＬＤＫ,65,,,,平成18年,ＲＣ,住宅,,,,,準工業地域,60.0,200.0,2008年第４四半期,未改装,,7.176091259055681
31003231,中古マンション等,,31202,鳥取県,米子市,上福原,米子,30分?60分,３ＬＤＫ,65,,,,平成6年,ＳＲＣ,住宅,住宅,,,,第１種中高層住居専用地域,60.0,200.0,2017年第２四半期,未改装,,6.954242509439325
31021064,中古マンション等,,31202,鳥取県,米子市,錦町,後藤,3,４ＬＤＫ,70,,,,昭和59年,ＳＲＣ,住宅,,,,,近隣商業地域,80.0,300.0,2008年第３四半期,未改装,,6.698970004336019
31004271,中古マンション等,,31202,鳥取県,米子市,東福原,米子,30分?60分,３ＬＤＫ,70,,,,平成17年,ＲＣ,住宅,住宅,,,,第１種住居地域,60.0,200.0,2016年第１四半期,未改装,,7.230448921378274
31010117,中古マンション等,,31202,鳥取県,米子市,昭和町,米子,16,２ＬＤＫ＋Ｓ,80,,,,平成20年,ＲＣ,住宅,住宅,,,,近隣商業地域,80.0,300.0,2014年第４四半期,未改装,,7.2552725051033065
31011245,中古マンション等,,31202,鳥取県,米子市,上福原,米子,30分?60分,３ＬＤＫ,65,,,,平成7年,ＳＲＣ,住宅,,,,,第１種中高層住居専用地域,60.0,200.0,2010年第３四半期,未改装,,7.079181246047625
31003957,中古マンション等,,31202,鳥取県,米子市,錦町,後藤,6,３ＬＤＫ,70,,,,平成7年,ＲＣ,住宅,住宅,,,,近隣商業地域,80.0,300.0,2017年第４四半期,未改装,,7.0
31003952,中古マンション等,,31202,鳥取県,米子市,錦町,後藤,3,４ＤＫ,85,,,,昭和59年,ＳＲＣ,,住宅,,,,近隣商業地域,80.0,300.0,2018年第３四半期,未改装,,6.778151250383644
31002752,中古マンション等,,31202,鳥取県,米子市,安倍,三本松口,25,３ＬＤＫ,70,,,,平成18年,ＲＣ,住宅,住宅,,,,第１種住居地域,60.0,200.0,2015年第１四半期,未改装,,7.2552725051033065
31011873,中古マンション等,,31202,鳥取県,米子市,米原,米子,30分?60分,３ＬＤＫ,80,,,,平成22年,ＲＣ,住宅,,,,,準工業地域,60.0,200.0,2010年第２四半期,未改装,,7.230448921378274
31020516,中古マンション等,,31201,鳥取県,鳥取市,本町,鳥取,15,３ＬＤＫ,65,,,,昭和64年,ＳＲＣ,住宅,,,,,商業地域,80.0,400.0,2008年第２四半期,未改装,,6.724275869600789
31003280,中古マンション等,,31202,鳥取県,米子市,加茂町,米子,15,３ＬＤＫ,70,,,,平成7年,ＲＣ,住宅,住宅,,,,商業地域,80.0,400.0,2019年第１四半期,改装済,,7.113943352306837
31002449,中古マンション等,,31201,鳥取県,鳥取市,元町,鳥取,10,４ＬＤＫ,80,,,,平成19年,,,住宅,,,,商業地域,80.0,400.0,2018年第１四半期,未改装,,7.3222192947339195
31013517,中古マンション等,,31202,鳥取県,米子市,錦町,後藤,4,３ＬＤＫ,70,,,,平成9年,ＲＣ,住宅,,,,,近隣商業地域,80.0,300.0,2011年第１四半期,未改装,調停・競売等,6.812913356642856
31001207,中古マンション等,,31201,鳥取県,鳥取市,栄町,鳥取,2,３ＬＤＫ,90,,,,平成18年,,,住宅,,,,商業地域,80.0,600.0,2017年第４四半期,改装済,,7.447158031342219
31002447,中古マンション等,,31201,鳥取県,鳥取市,元町,鳥取,10,３ＬＤＫ,70,,,,平成19年,ＲＣ,住宅,住宅,,,,商業地域,80.0,400.0,2018年第３四半期,,,7.3222192947339195
31013700,中古マンション等,,31202,鳥取県,米子市,目久美町,米子,14,３ＬＤＫ,60,,,,平成6年,ＲＣ,住宅,,,,,準工業地域,60.0,200.0,2011年第３四半期,改装済,,6.799340549453582
31020217,中古マンション等,,31201,鳥取県,鳥取市,栄町,鳥取,8,４ＬＤＫ,80,,,,平成14年,ＳＲＣ,住宅,,,,,商業地域,80.0,400.0,2007年第４四半期,未改装,,7.301029995663981
31017256,中古マンション等,,31202,鳥取県,米子市,東町,米子,9,３ＬＤＫ,65,,,,平成15年,ＳＲＣ,住宅,,,,,商業地域,80.0,400.0,2013年第２四半期,改装済,,7.278753600952829
31011813,中古マンション等,,31202,鳥取県,米子市,米原,後藤,6,３ＬＤＫ,70,,,,平成20年,ＲＣ,住宅,,,,,準工業地域,60.0,200.0,2010年第３四半期,未改装,,7.079181246047625
31002240,中古マンション等,,31201,鳥取県,鳥取市,南町,鳥取,5,２ＬＤＫ,60,,,,昭和64年,ＳＲＣ,住宅,住宅,,,,近隣商業地域,80.0,300.0,2019年第３四半期,改装済,,7.113943352306837
31011803,中古マンション等,,31202,鳥取県,米子市,米原,後藤,6,４ＬＤＫ,80,,,,平成20年,ＲＣ,住宅,,,,,準工業地域,60.0,200.0,2010年第３四半期,未改装,,7.146128035678238
31013281,中古マンション等,,31202,鳥取県,米子市,加茂町,米子,17,４ＬＤＫ,70,,,,平成7年,ＲＣ,住宅,,,,,商業地域,80.0,400.0,2011年第３四半期,未改装,,6.991226075692495
31011837,中古マンション等,,31202,鳥取県,米子市,米原,後藤,8,３ＬＤＫ,70,,,,平成20年,ＲＣ,住宅,,,,,準工業地域,60.0,200.0,2010年第３四半期,未改装,,7.2552725051033065
31012425,中古マンション等,,31201,鳥取県,鳥取市,湖山町西,鳥取大学前,4,,115,,,,平成3年,ＳＲＣ,事務所,,,,,近隣商業地域,80.0,200.0,2011年第２四半期,,調停・競売等,6.799340549453582
31003965,中古マンション等,,31202,鳥取県,米子市,錦町,後藤,11,,70,,,,平成7年,ＳＲＣ,住宅,住宅,,,,近隣商業地域,80.0,300.0,2016年第３四半期,,,7.041392685158225
31003099,中古マンション等,,31202,鳥取県,米子市,角盤町,米子,13,１ＤＫ,45,,,,平成3年,ＳＲＣ,住宅,住宅,,,,商業地域,80.0,400.0,2018年第１四半期,未改装,,6.778151250383644
31003129,中古マンション等,,31202,鳥取県,米子市,上後藤,三本松口,6,３ＬＤＫ,70,,,,平成11年,ＲＣ,,住宅,,,,第１種中高層住居専用地域,60.0,200.0,2019年第３四半期,,,7.176091259055681
31001041,中古マンション等,,31201,鳥取県,鳥取市,湖山町西,鳥取大学前,5,１Ｋ,20,,,,平成3年,ＳＲＣ,住宅,住宅,,,,近隣商業地域,80.0,200.0,2019年第２四半期,未改装,,6.518513939877887
31018769,中古マンション等,,31202,鳥取県,米子市,加茂町,米子,18,３ＬＤＫ,60,,,,平成7年,ＲＣ,住宅,,,,,商業地域,80.0,400.0,2009年第４四半期,未改装,,6.838849090737256
31015481,中古マンション等,,31202,鳥取県,米子市,中町,米子,15,４ＬＤＫ,80,,,,平成15年,ＲＣ,住宅,,,,,商業地域,80.0,400.0,2012年第１四半期,,,7.204119982655925
31004688,中古マンション等,,31202,鳥取県,米子市,米原,後藤,3,３ＬＤＫ,65,,,,平成2年,ＳＲＣ,,住宅,,,,第１種住居地域,60.0,200.0,2019年第１四半期,未改装,,7.041392685158225
31011515,中古マンション等,,31202,鳥取県,米子市,錦町,米子,28,３ＬＤＫ,65,,,,平成5年,ＲＣ,住宅,,,,,近隣商業地域,80.0,300.0,2010年第２四半期,未改装,調停・競売等,6.477121254719663
31001410,中古マンション等,,31201,鳥取県,鳥取市,末広温泉町,鳥取,9,３ＬＤＫ,65,,,,平成9年,ＳＲＣ,住宅,住宅,,,,商業地域,80.0,400.0,2017年第３四半期,改装済,,7.113943352306837
31000026,中古マンション等,,31201,鳥取県,鳥取市,青葉町,鳥取,30分?60分,３ＬＤＫ,80,,,,平成20年,ＲＣ,住宅,住宅,,,,近隣商業地域,80.0,200.0,2019年第３四半期,改装済,,7.278753600952829
31004212,中古マンション等,,31202,鳥取県,米子市,東町,米子,6,３ＬＤＫ,75,,,,平成21年,ＲＣ,住宅,住宅,,,,商業地域,80.0,500.0,2018年第３四半期,改装済,,7.278753600952829
31018997,中古マンション等,,31202,鳥取県,米子市,米原,米子,30分?60分,３ＬＤＫ,70,,,,平成20年,ＲＣ,住宅,,,,,準工業地域,60.0,200.0,2009年第４四半期,未改装,,7.278753600952829
31003100,中古マンション等,,31202,鳥取県,米子市,角盤町,米子,16,２ＬＤＫ,60,,,,平成12年,ＳＲＣ,住宅,住宅,,,,商業地域,80.0,400.0,2018年第１四半期,未改装,,7.041392685158225
31009888,中古マンション等,,31202,鳥取県,米子市,角盤町,米子,15,３ＬＤＫ,65,,,,平成12年,ＳＲＣ,住宅,住宅,,,,商業地域,80.0,400.0,2014年第２四半期,未改装,,7.146128035678238
31011811,中古マンション等,,31202,鳥取県,米子市,米原,後藤,6,４ＬＤＫ,80,,,,平成20年,ＲＣ,住宅,,,,,準工業地域,60.0,200.0,2010年第３四半期,未改装,,7.146128035678238
31015331,中古マンション等,,31202,鳥取県,米子市,角盤町,米子,14,３ＬＤＫ,70,,,,平成3年,ＳＲＣ,住宅,,,,,商業地域,80.0,400.0,2012年第４四半期,未改装,,7.0
31002629,中古マンション等,,31201,鳥取県,鳥取市,吉成,鳥取,15,３ＬＤＫ,70,,,,平成10年,ＲＣ,住宅,住宅,,,,第１種住居地域,60.0,200.0,2016年第４四半期,改装済,,7.146128035678238
31011146,中古マンション等,,31202,鳥取県,米子市,皆生温泉,米子,1H?1H30,１Ｋ,30,,,,昭和49年,ＲＣ,住宅,,,,,商業地域,80.0,400.0,2010年第３四半期,未改装,,6.361727836017593
31014851,中古マンション等,,31201,鳥取県,鳥取市,川端,鳥取,12,３ＬＤＫ,70,,,,平成16年,ＳＲＣ,住宅,,,,,近隣商業地域,80.0,300.0,2012年第４四半期,未改装,,7.230448921378274
31013453,中古マンション等,,31202,鳥取県,米子市,道笑町,米子,17,４ＬＤＫ,70,,,,平成7年,ＲＣ,住宅,,,,,近隣商業地域,80.0,300.0,2011年第４四半期,改装済,,6.973127853599698
31003585,中古マンション等,,31202,鳥取県,米子市,昭和町,米子,14,３ＬＤＫ,90,,,,平成20年,,,住宅,,,,近隣商業地域,80.0,300.0,2019年第４四半期,,,7.2552725051033065
31018419,中古マンション等,,31201,鳥取県,鳥取市,湖山町東,湖山,3,３ＬＤＫ,65,,,,平成19年,ＲＣ,住宅,,,,,第１種住居地域,60.0,200.0,2009年第３四半期,未改装,,7.230448921378274
31003284,中古マンション等,,31202,鳥取県,米子市,加茂町,米子,16,４ＬＤＫ,70,,,,平成7年,ＲＣ,住宅,住宅,,,,商業地域,80.0,400.0,2018年第２四半期,未改装,,6.880813592280791
31011863,中古マンション等,,31202,鳥取県,米子市,米原,米子,30分?60分,３ＬＤＫ,90,,,,平成22年,ＲＣ,住宅,,,,,準工業地域,60.0,200.0,2010年第３四半期,改装済,,7.301029995663981
31016968,中古マンション等,,31201,鳥取県,鳥取市,吉成,鳥取,20,３ＬＤＫ,65,,,,平成12年,ＲＣ,住宅,,,,,準工業地域,60.0,200.0,2013年第４四半期,未改装,,7.041392685158225
31021087,中古マンション等,,31202,鳥取県,米子市,西福原,米子,1H?1H30,４ＬＤＫ,80,,,,平成16年,ＲＣ,住宅,,,,,第１種中高層住居専用地域,60.0,200.0,2007年第３四半期,,,7.301029995663981
31017156,中古マンション等,,31202,鳥取県,米子市,昭和町,米子,16,３ＬＤＫ,90,,,,平成20年,ＲＣ,住宅,,,,,近隣商業地域,80.0,300.0,2013年第１四半期,未改装,,7.361727836017593
31003040,中古マンション等,,31202,鳥取県,米子市,皆生温泉,米子,1H?1H30,１Ｋ,20,,,,昭和51年,鉄骨造,住宅,その他,,,,商業地域,80.0,400.0,2016年第２四半期,未改装,,5.778151250383644
31015610,中古マンション等,,31202,鳥取県,米子市,米原,後藤,3,２ＬＤＫ,55,,,,,ＳＲＣ,住宅,,,,,第１種住居地域,60.0,200.0,2012年第２四半期,未改装,,6.812913356642856
31004689,中古マンション等,,31202,鳥取県,米子市,米原,後藤,2,３ＬＤＫ,60,,,,昭和55年,ＳＲＣ,住宅,,,,,第１種住居地域,60.0,200.0,2018年第４四半期,未改装,,6.380211241711606
31011841,中古マンション等,,31202,鳥取県,米子市,米原,後藤,3,３ＬＤＫ,65,,,,平成13年,ＲＣ,住宅,,,,,第１種住居地域,60.0,200.0,2010年第２四半期,改装済,,7.079181246047625
31011514,中古マンション等,,31202,鳥取県,米子市,錦町,米子,28,３ＬＤＫ,60,,,,平成5年,ＲＣ,住宅,,,,,近隣商業地域,80.0,300.0,2010年第３四半期,改装済,,6.785329835010767
31018472,中古マンション等,,31201,鳥取県,鳥取市,末広温泉町,鳥取,8,３ＬＤＫ,65,,,,平成9年,ＳＲＣ,住宅,,,,,商業地域,80.0,400.0,2009年第２四半期,未改装,,7.113943352306837
31016695,中古マンション等,,31201,鳥取県,鳥取市,湖山町西,鳥取大学前,4,１Ｋ,15,,,,平成3年,ＳＲＣ,住宅,,,,,近隣商業地域,80.0,200.0,2013年第１四半期,未改装,,6.361727836017593
31004690,中古マンション等,,31202,鳥取県,米子市,米原,後藤,1,３ＬＤＫ,60,,,,昭和55年,ＳＲＣ,住宅,住宅,,,,第１種住居地域,60.0,200.0,2018年第４四半期,,,6.897627091290442
31004253,中古マンション等,,31202,鳥取県,米子市,東福原,米子,30分?60分,４ＬＤＫ,85,,,,平成17年,ＲＣ,,住宅,,,,第１種住居地域,60.0,200.0,2018年第１四半期,未改装,,7.230448921378274
31003035,中古マンション等,,31202,鳥取県,米子市,皆生温泉,米子,1H?1H30,２Ｋ,35,,,,昭和53年,ＳＲＣ,住宅,住宅,,,,第１種住居地域,60.0,200.0,2016年第４四半期,未改装,,5.845098040014257
31001018,中古マンション等,,31201,鳥取県,鳥取市,湖山町北,鳥取大学前,4,１Ｋ,15,,,,昭和64年,鉄骨造,住宅,,,,,近隣商業地域,80.0,200.0,2017年第１四半期,,,6.431363764158987
31002160,中古マンション等,,31201,鳥取県,鳥取市,本町,鳥取,13,３ＬＤＫ,65,,,,昭和64年,ＳＲＣ,,住宅,,,,商業地域,80.0,400.0,2019年第３四半期,,,6.845098040014257
31009908,中古マンション等,,31202,鳥取県,米子市,上後藤,三本松口,5,３ＬＤＫ,85,,,,平成19年,ＲＣ,住宅,住宅,,,,第２種中高層住居専用地域,60.0,200.0,2014年第２四半期,改装済,,7.3979400086720375
31001052,中古マンション等,,31201,鳥取県,鳥取市,湖山町西,鳥取大学前,5,１Ｋ,20,,,,平成3年,ＳＲＣ,住宅,住宅,,,,近隣商業地域,80.0,200.0,2016年第４四半期,未改装,,6.380211241711606
31011440,中古マンション等,,31202,鳥取県,米子市,道笑町,米子,21,３ＬＤＫ,65,,,,平成14年,ＲＣ,住宅,,,,,第１種住居地域,60.0,200.0,2010年第４四半期,未改装,,7.230448921378274
31001204,中古マンション等,,31201,鳥取県,鳥取市,栄町,鳥取,6,３ＬＤＫ,70,,,,,ＳＲＣ,住宅,住宅,,,,商業地域,80.0,400.0,2019年第１四半期,改装済,,7.342422680822207
31003966,中古マンション等,,31202,鳥取県,米子市,錦町,後藤,7,３ＬＤＫ,70,,,,平成7年,ＲＣ,住宅,住宅,,,,近隣商業地域,80.0,300.0,2015年第３四半期,未改装,,7.146128035678238
31011818,中古マンション等,,31202,鳥取県,米子市,米原,後藤,6,３ＬＤＫ,70,,,,平成20年,ＲＣ,住宅,,,,,準工業地域,60.0,200.0,2010年第３四半期,未改装,,7.079181246047625
31020564,中古マンション等,,31201,鳥取県,鳥取市,南町,鳥取,9,３ＬＤＫ,70,,,,平成12年,ＳＲＣ,住宅,,,,,商業地域,80.0,400.0,2008年第２四半期,改装済,,7.230448921378274
31014963,中古マンション等,,31201,鳥取県,鳥取市,湖山町東,湖山,3,３ＬＤＫ,65,,,,平成19年,ＲＣ,住宅,,,,,第１種住居地域,60.0,200.0,2012年第２四半期,未改装,調停・競売等,7.079181246047625
31018993,中古マンション等,,31202,鳥取県,米子市,米原,後藤,8,３ＬＤＫ,65,,,,平成20年,ＲＣ,住宅,,,,,準工業地域,60.0,200.0,2009年第２四半期,未改装,,7.2552725051033065
31004195,中古マンション等,,31202,鳥取県,米子市,旗ヶ崎,米子,30分?60分,３ＬＤＫ,70,,,,平成12年,ＲＣ,住宅,住宅,,,,第１種住居地域,60.0,200.0,2015年第２四半期,未改装,,7.146128035678238
31010180,中古マンション等,,31202,鳥取県,米子市,道笑町,米子,22,３ＬＤＫ,70,,,,平成14年,ＲＣ,住宅,住宅,,,,第１種住居地域,60.0,200.0,2014年第２四半期,未改装,,7.230448921378274
31009974,中古マンション等,,31202,鳥取県,米子市,加茂町,米子,16,４ＬＤＫ,70,,,,平成7年,ＲＣ,住宅,事務所,,,,商業地域,80.0,400.0,2014年第２四半期,未改装,,6.880813592280791
31001642,中古マンション等,,31201,鳥取県,鳥取市,寺町,鳥取,12,２ＬＤＫ,50,,,,平成3年,ＲＣ,住宅,住宅,,,,近隣商業地域,80.0,400.0,2018年第４四半期,未改装,,6.812913356642856
31009963,中古マンション等,,31202,鳥取県,米子市,上福原,米子,30分?60分,３ＬＤＫ,65,,,,,ＳＲＣ,住宅,住宅,,,,第１種中高層住居専用地域,60.0,200.0,2014年第３四半期,未改装,,7.0
31001020,中古マンション等,,31201,鳥取県,鳥取市,湖山町北,鳥取大学前,4,１Ｋ,20,,,,昭和63年,鉄骨造,住宅,住宅,,,,近隣商業地域,80.0,200.0,2017年第１四半期,改装済,,6.3222192947339195
31011872,中古マンション等,,31202,鳥取県,米子市,米原,米子,30分?60分,３ＬＤＫ,80,,,,平成22年,ＲＣ,住宅,,,,,準工業地域,60.0,200.0,2010年第２四半期,改装済,,7.278753600952829
31000622,中古マンション等,,31201,鳥取県,鳥取市,行徳,鳥取,9,３ＬＤＫ,70,,,,平成16年,ＲＣ,住宅,住宅,,,,近隣商業地域,80.0,300.0,2019年第３四半期,改装済,,7.3222192947339195
31016971,中古マンション等,,31201,鳥取県,鳥取市,吉成,鳥取,19,３ＬＤＫ,70,,,,,ＲＣ,住宅,,,,,準工業地域,60.0,200.0,2013年第３四半期,未改装,,7.079181246047625
31015493,中古マンション等,,31202,鳥取県,米子市,錦町,後藤,3,４ＤＫ,70,,,,昭和59年,ＳＲＣ,住宅,,,,,近隣商業地域,80.0,300.0,2012年第４四半期,未改装,,6.778151250383644
31015611,中古マンション等,,31202,鳥取県,米子市,米原,米子,30分?60分,３ＬＤＫ,70,,,,平成12年,ＲＣ,住宅,,,,,第１種住居地域,60.0,200.0,2012年第４四半期,改装済,,7.113943352306837
31010354,中古マンション等,,31201,鳥取県,鳥取市,湖山町西,鳥取大学前,9,１Ｋ,20,,,,平成3年,ＳＲＣ,住宅,,,,,近隣商業地域,80.0,200.0,2010年第４四半期,未改装,調停・競売等,6.556302500767288
31021068,中古マンション等,,31202,鳥取県,米子市,西町,米子,14,３ＬＤＫ,75,,,,平成15年,ＳＲＣ,住宅,,,,,第１種住居地域,60.0,200.0,2008年第２四半期,,,7.278753600952829
31004194,中古マンション等,,31202,鳥取県,米子市,旗ヶ崎,米子,30分?60分,２ＬＤＫ,65,,,,平成10年,ＲＣ,住宅,住宅,,,,第１種住居地域,60.0,200.0,2015年第２四半期,未改装,,7.041392685158225
31000620,中古マンション等,,31201,鳥取県,鳥取市,行徳,鳥取,8,２ＬＤＫ,65,,,,平成16年,ＲＣ,住宅,住宅,,,,近隣商業地域,80.0,300.0,2019年第４四半期,未改装,,7.146128035678238
31015317,中古マンション等,,31202,鳥取県,米子市,皆生温泉,米子,1H?1H30,１ＬＤＫ,20,,,,昭和51年,鉄骨造,住宅,,,,,商業地域,80.0,400.0,2012年第２四半期,,,5.778151250383644
31018761,中古マンション等,,31202,鳥取県,米子市,上福原,米子,30分?60分,３ＬＤＫ,65,,,,,ＳＲＣ,住宅,,,,,第１種中高層住居専用地域,60.0,200.0,2009年第２四半期,未改装,,6.919078092376074
31003221,中古マンション等,,31202,鳥取県,米子市,上福原,米子,30分?60分,３ＬＤＫ,70,,,,平成6年,ＳＲＣ,住宅,住宅,,,,第１種中高層住居専用地域,60.0,200.0,2018年第１四半期,未改装,,7.041392685158225
31015318,中古マンション等,,31202,鳥取県,米子市,皆生温泉,米子,1H?1H30,１Ｋ,25,,,,昭和51年,鉄骨造,住宅,,,,,商業地域,80.0,400.0,2012年第２四半期,未改装,,5.954242509439325
31015607,中古マンション等,,31202,鳥取県,米子市,米原,後藤,3,２ＬＤＫ,70,,,,平成17年,ＲＣ,住宅,,,,,近隣商業地域,80.0,300.0,2012年第４四半期,未改装,,7.113943352306837
31003042,中古マンション等,,31202,鳥取県,米子市,皆生温泉,米子,1H?1H30,１Ｋ,20,,,,昭和49年,ＲＣ,住宅,住宅,,,,商業地域,80.0,400.0,2016年第１四半期,改装済,,5.698970004336019
31004013,中古マンション等,,31202,鳥取県,米子市,西福原,米子,30分?60分,４ＬＤＫ,80,,,,平成16年,ＲＣ,,住宅,,,,第１種中高層住居専用地域,60.0,200.0,2019年第３四半期,,,7.278753600952829
31002446,中古マンション等,,31201,鳥取県,鳥取市,元町,鳥取,9,４ＬＤＫ,80,,,,平成19年,ＲＣ,住宅,住宅,,,,商業地域,80.0,400.0,2019年第４四半期,未改装,,7.361727836017593
31016683,中古マンション等,,31201,鳥取県,鳥取市,湖山町北,鳥取大学前,3,１Ｋ,15,,,,昭和64年,鉄骨造,住宅,,,,,近隣商業地域,80.0,200.0,2013年第２四半期,未改装,,6.176091259055681
31015609,中古マンション等,,31202,鳥取県,米子市,米原,後藤,6,３ＬＤＫ,70,,,,昭和53年,ＳＲＣ,住宅,,,,,準工業地域,60.0,200.0,2012年第３四半期,改装済,,6.6020599913279625
31016689,中古マンション等,,31201,鳥取県,鳥取市,湖山町西,鳥取大学前,4,１Ｋ,20,,,,平成3年,ＳＲＣ,住宅,,,,,近隣商業地域,80.0,200.0,2013年第３四半期,未改装,,6.414973347970818
31018575,中古マンション等,,31201,鳥取県,鳥取市,南町,鳥取,8,３ＬＤＫ,55,,,,昭和64年,ＳＲＣ,住宅,,,,,近隣商業地域,80.0,300.0,2009年第４四半期,未改装,,6.7160033436347994
31003946,中古マンション等,,31202,鳥取県,米子市,錦町,後藤,4,３ＬＤＫ,70,,,,平成9年,ＲＣ,住宅,住宅,,,,近隣商業地域,80.0,300.0,2019年第２四半期,改装済,,7.146128035678238
31004127,中古マンション等,,31202,鳥取県,米子市,旗ヶ崎,後藤,19,３ＬＤＫ,70,,,,平成10年,ＲＣ,,その他,,,,第１種住居地域,60.0,200.0,2018年第４四半期,,,7.079181246047625
31018948,中古マンション等,,31202,鳥取県,米子市,目久美町,米子,13,,60,,,,平成6年,ＲＣ,住宅,,,,,準工業地域,60.0,200.0,2009年第４四半期,,調停・競売等,6.518513939877887
31003974,中古マンション等,,31202,鳥取県,米子市,錦町,米子,30分?60分,３ＬＤＫ,65,,,,,ＲＣ,住宅,住宅,,,,近隣商業地域,80.0,300.0,2015年第２四半期,改装済,,7.176091259055681
31004258,中古マンション等,,31202,鳥取県,米子市,東福原,米子,30分?60分,２ＬＤＫ,60,,,,平成17年,ＲＣ,住宅,住宅,,,,第１種住居地域,60.0,200.0,2017年第３四半期,未改装,,7.041392685158225
31004702,中古マンション等,,31202,鳥取県,米子市,米原,後藤,4,３ＬＤＫ,65,,,,平成2年,ＳＲＣ,住宅,住宅,,,,第１種住居地域,60.0,200.0,2016年第２四半期,未改装,,6.954242509439325
31001407,中古マンション等,,31201,鳥取県,鳥取市,末広温泉町,鳥取,8,３ＬＤＫ,65,,,,平成9年,ＳＲＣ,,住宅,,,,商業地域,80.0,400.0,2019年第３四半期,未改装,,7.079181246047625
31011838,中古マンション等,,31202,鳥取県,米子市,米原,後藤,10,３ＬＤＫ,80,,,,平成22年,ＲＣ,住宅,,,,,準工業地域,60.0,200.0,2010年第２四半期,未改装,,7.230448921378274
31004184,中古マンション等,,31202,鳥取県,米子市,旗ヶ崎,米子,30分?60分,４ＬＤＫ,85,,,,平成10年,ＲＣ,住宅,住宅,,,,第１種住居地域,60.0,200.0,2016年第１四半期,未改装,,7.041392685158225
31010095,中古マンション等,,31201,鳥取県,鳥取市,川端,鳥取,13,３ＬＤＫ,70,,,,平成16年,ＳＲＣ,住宅,,,,,近隣商業地域,80.0,300.0,2010年第１四半期,改装済,,7.0
31017054,中古マンション等,,31202,鳥取県,米子市,皆生温泉,米子,1H?1H30,３ＬＤＫ,65,,,,平成13年,ＲＣ,住宅,,,,,第１種住居地域,60.0,200.0,2013年第３四半期,未改装,,6.977723605288848
31004214,中古マンション等,,31202,鳥取県,米子市,東町,米子,8,３ＬＤＫ,70,,,,平成15年,,,その他,,,,商業地域,80.0,400.0,2018年第２四半期,,,7.176091259055681
31003028,中古マンション等,,31202,鳥取県,米子市,皆生温泉,米子,1H?1H30,２Ｋ,25,,,,昭和49年,ＲＣ,住宅,その他,,,,商業地域,80.0,400.0,2017年第３四半期,未改装,,5.977723605288848
31011517,中古マンション等,,31202,鳥取県,米子市,西倉吉町,米子,16,３ＬＤＫ,65,,,,平成6年,ＳＲＣ,住宅,,,,,商業地域,80.0,500.0,2010年第３四半期,未改装,,6.892094602690481
31002568,中古マンション等,,31201,鳥取県,鳥取市,吉方温泉,鳥取,12,３ＬＤＫ,95,,,,平成20年,ＲＣ,住宅,住宅,,,,商業地域,80.0,400.0,2015年第１四半期,未改装,,7.380211241711606
31003282,中古マンション等,,31202,鳥取県,米子市,加茂町,米子,15,４ＬＤＫ,70,,,,平成7年,ＲＣ,住宅,住宅,,,,商業地域,80.0,400.0,2019年第１四半期,未改装,,6.929418925714293
31004727,中古マンション等,,31202,鳥取県,米子市,米原,米子,30分?60分,３ＬＤＫ,80,,,,平成28年,ＲＣ,,住宅,,,,第２種中高層住居専用地域,60.0,200.0,2017年第４四半期,未改装,,7.414973347970818
31003979,中古マンション等,,31202,鳥取県,米子市,西倉吉町,米子,18,３ＬＤＫ,65,,,,平成6年,ＳＲＣ,住宅,住宅,,,,商業地域,80.0,400.0,2016年第１四半期,,,6.973127853599698
31001045,中古マンション等,,31201,鳥取県,鳥取市,湖山町西,鳥取大学前,3,１Ｋ,20,,,,,ＳＲＣ,住宅,住宅,,,,近隣商業地域,80.0,200.0,2018年第３四半期,,,6.491361693834273
31009489,中古マンション等,,31201,鳥取県,鳥取市,栄町,鳥取,6,３ＬＤＫ,70,,,,平成14年,ＳＲＣ,住宅,住宅,,,,商業地域,80.0,400.0,2014年第２四半期,,,7.2552725051033065
31016716,中古マンション等,,31201,鳥取県,鳥取市,栄町,鳥取,3,３ＬＤＫ,75,,,,平成20年,ＳＲＣ,住宅,,,,,商業地域,80.0,600.0,2013年第１四半期,未改装,,7.361727836017593
31001714,中古マンション等,,31201,鳥取県,鳥取市,富安,鳥取,9,２ＬＤＫ,60,,,,平成16年,ＲＣ,住宅,住宅,,,,商業地域,80.0,400.0,2016年第３四半期,未改装,,7.146128035678238
31013516,中古マンション等,,31202,鳥取県,米子市,錦町,後藤,4,３ＬＤＫ,70,,,,平成9年,ＲＣ,住宅,,,,,近隣商業地域,80.0,300.0,2011年第４四半期,改装済,,7.146128035678238
31013595,中古マンション等,,31202,鳥取県,米子市,旗ヶ崎,米子,30分?60分,４ＬＤＫ,85,,,,平成12年,ＲＣ,住宅,,,,,第１種住居地域,60.0,200.0,2011年第１四半期,未改装,調停・競売等,7.079181246047625
31011011,中古マンション等,,31201,鳥取県,鳥取市,吉成,鳥取,14,３ＬＤＫ,75,,,,平成10年,ＲＣ,住宅,,,,,第１種住居地域,60.0,200.0,2010年第３四半期,未改装,,7.041392685158225
31000164,中古マンション等,,31201,鳥取県,鳥取市,永楽温泉町,鳥取,7,４ＬＤＫ,90,,,,平成18年,ＲＣ,住宅,住宅,,,,商業地域,80.0,500.0,2015年第１四半期,未改装,,7.361727836017593
31009863,中古マンション等,,31202,鳥取県,米子市,皆生温泉,米子,1H?1H30,１Ｋ,20,,,,昭和53年,ＳＲＣ,住宅,住宅,,,,第２種中高層住居専用地域,60.0,200.0,2014年第３四半期,未改装,,5.954242509439325
31011010,中古マンション等,,31201,鳥取県,鳥取市,吉成,鳥取,15,３ＬＤＫ,70,,,,平成10年,ＲＣ,住宅,,,,,第１種住居地域,60.0,200.0,2010年第３四半期,未改装,,7.113943352306837
31003003,中古マンション等,,31202,鳥取県,米子市,皆生温泉,富士見町(鳥取),30分?60分,１ＤＫ,25,,,,昭和49年,ＳＲＣ,,住宅,,,,商業地域,80.0,400.0,2019年第３四半期,,,5.8750612633917
31004686,中古マンション等,,31202,鳥取県,米子市,米原,後藤,2,３ＬＤＫ,60,,,,昭和55年,,,住宅,,,,,,,2019年第２四半期,改装済,,6.832508912706237
31004221,中古マンション等,,31202,鳥取県,米子市,東町,米子,6,４ＬＤＫ,90,,,,平成21年,ＲＣ,住宅,住宅,,,,商業地域,80.0,500.0,2015年第１四半期,未改装,,7.431363764158987
31021113,中古マンション等,,31202,鳥取県,米子市,旗ヶ崎,米子,30分?60分,３ＬＤＫ,70,,,,平成12年,ＲＣ,住宅,,,,,第１種住居地域,60.0,200.0,2008年第２四半期,,,7.113943352306837
31003256,中古マンション等,,31202,鳥取県,米子市,上福原,米子,30分?60分,３ＬＤＫ,65,,,,平成6年,ＳＲＣ,住宅,住宅,,,,第１種中高層住居専用地域,60.0,200.0,2015年第４四半期,未改装,,7.041392685158225
31001777,中古マンション等,,31201,鳥取県,鳥取市,西町,鳥取,19,３ＬＤＫ,65,,,,平成11年,ＲＣ,住宅,その他,,,,近隣商業地域,80.0,200.0,2017年第１四半期,,,7.230448921378274
31002757,中古マンション等,,31202,鳥取県,米子市,安倍,米子,30分?60分,３ＬＤＫ,70,,,,平成18年,ＲＣ,,住宅,,,,第１種住居地域,60.0,200.0,2019年第３四半期,,,7.176091259055681
31011825,中古マンション等,,31202,鳥取県,米子市,米原,後藤,11,３ＬＤＫ,90,,,,平成22年,ＲＣ,住宅,,,,,準工業地域,60.0,200.0,2010年第３四半期,未改装,,7.278753600952829
31021069,中古マンション等,,31202,鳥取県,米子市,西町,米子,14,３ＬＤＫ,75,,,,平成15年,ＳＲＣ,住宅,,,,,第１種住居地域,60.0,200.0,2007年第３四半期,改装済,,6.301029995663981
31000618,中古マンション等,,31201,鳥取県,鳥取市,行徳,鳥取,9,３ＬＤＫ,70,,,,,ＲＣ,,住宅,,,,近隣商業地域,80.0,300.0,2019年第４四半期,,,7.278753600952829
31002564,中古マンション等,,31201,鳥取県,鳥取市,吉方温泉,鳥取,11,３ＬＤＫ,95,,,,平成20年,ＲＣ,住宅,住宅,,,,商業地域,80.0,400.0,2016年第３四半期,未改装,,7.361727836017593
31003128,中古マンション等,,31202,鳥取県,米子市,上後藤,三本松口,6,３ＬＤＫ,75,,,,平成11年,ＲＣ,,住宅,,,,第１種中高層住居専用地域,60.0,200.0,2019年第３四半期,,,7.2552725051033065
31013161,中古マンション等,,31202,鳥取県,米子市,皆生温泉,米子,1H?1H30,１Ｋ,20,,,,昭和49年,ＲＣ,住宅,,,,,商業地域,80.0,400.0,2011年第４四半期,改装済,,5.778151250383644
31003151,中古マンション等,,31202,鳥取県,米子市,上後藤,米子,30分?60分,３ＬＤＫ,70,,,,平成19年,ＲＣ,住宅,住宅,,,,第２種中高層住居専用地域,60.0,200.0,2018年第３四半期,未改装,,7.176091259055681
31000204,中古マンション等,,31201,鳥取県,鳥取市,扇町,鳥取,4,３ＬＤＫ,70,,,,平成16年,ＳＲＣ,住宅,住宅,,,,商業地域,80.0,400.0,2016年第１四半期,未改装,,7.176091259055681
31020370,中古マンション等,,31201,鳥取県,鳥取市,富安,鳥取,8,３ＬＤＫ,75,,,,平成16年,ＲＣ,住宅,,,,,商業地域,80.0,400.0,2008年第２四半期,未改装,,7.278753600952829
31011148,中古マンション等,,31202,鳥取県,米子市,皆生温泉,米子,1H?1H30,２Ｋ,25,,,,昭和49年,ＲＣ,住宅,,,,,商業地域,80.0,400.0,2010年第２四半期,改装済,,6.230448921378274
31002513,中古マンション等,,31201,鳥取県,鳥取市,吉方,鳥取,14,３ＬＤＫ,80,,,,平成8年,ＲＣ,住宅,住宅,,,,準工業地域,60.0,200.0,2016年第４四半期,未改装,,7.176091259055681
31017086,中古マンション等,,31202,鳥取県,米子市,上福原,富士見町(鳥取),23,３ＬＤＫ,65,,,,平成6年,ＳＲＣ,住宅,,,,,第１種中高層住居専用地域,60.0,200.0,2013年第２四半期,未改装,,6.944482672150168
31016690,中古マンション等,,31201,鳥取県,鳥取市,湖山町西,鳥取大学前,4,２ＤＫ,40,,,,平成3年,ＳＲＣ,住宅,,,,,近隣商業地域,80.0,200.0,2013年第３四半期,未改装,,6.544068044350276
31003043,中古マンション等,,31202,鳥取県,米子市,皆生温泉,米子,1H?1H30,１Ｋ,25,,,,昭和53年,ＳＲＣ,住宅,住宅,,,,第１種住居地域,60.0,200.0,2016年第１四半期,未改装,,6.204119982655925
31004267,中古マンション等,,31202,鳥取県,米子市,東福原,米子,30分?60分,３ＬＤＫ,70,,,,平成17年,ＲＣ,住宅,,,,,第１種住居地域,60.0,200.0,2016年第３四半期,未改装,,7.146128035678238
31004703,中古マンション等,,31202,鳥取県,米子市,米原,後藤,4,３ＬＤＫ,65,,,,平成2年,ＳＲＣ,住宅,事務所,,,,第１種住居地域,60.0,200.0,2016年第１四半期,未改装,,6.929418925714293
31011591,中古マンション等,,31202,鳥取県,米子市,東町,米子,8,３ＬＤＫ,75,,,,平成15年,ＳＲＣ,住宅,,,,,商業地域,80.0,400.0,2010年第３四半期,未改装,,7.301029995663981
31016896,中古マンション等,,31201,鳥取県,鳥取市,本町,鳥取,13,３ＤＫ,75,,,,,ＳＲＣ,住宅,,,,,商業地域,80.0,400.0,2013年第４四半期,改装済,,6.903089986991944
31010471,中古マンション等,,31201,鳥取県,鳥取市,末広温泉町,鳥取,9,３ＬＤＫ,65,,,,平成9年,ＳＲＣ,住宅,,,,,商業地域,80.0,400.0,2010年第１四半期,改装済,,6.968482948553935
31010853,中古マンション等,,31201,鳥取県,鳥取市,南町,鳥取,8,４ＬＤＫ,85,,,,平成12年,ＳＲＣ,住宅,,,,,商業地域,80.0,400.0,2010年第２四半期,改装済,,7.146128035678238
31018735,中古マンション等,,31202,鳥取県,米子市,皆生温泉,米子,1H?1H30,２ＤＫ,45,,,,昭和53年,ＳＲＣ,住宅,,,,,第１種住居地域,60.0,200.0,2009年第１四半期,,,6.681241237375588
31004683,中古マンション等,,31202,鳥取県,米子市,米原,後藤,9,３ＬＤＫ,80,,,,平成22年,ＲＣ,,住宅,,,,準工業地域,60.0,200.0,2019年第３四半期,,,7.2552725051033065
31013016,中古マンション等,,31201,鳥取県,鳥取市,吉方温泉,鳥取,11,４ＬＤＫ,100,,,,平成20年,ＲＣ,住宅,,,,,商業地域,80.0,400.0,2011年第２四半期,未改装,,7.342422680822207
31015087,中古マンション等,,31201,鳥取県,鳥取市,富安,鳥取,10,３ＬＤＫ,65,,,,平成14年,ＲＣ,住宅,,,,,準工業地域,60.0,200.0,2012年第４四半期,改装済,,7.146128035678238
31018576,中古マンション等,,31201,鳥取県,鳥取市,南町,鳥取,9,４ＬＤＫ,90,,,,平成12年,ＳＲＣ,住宅,,,,,商業地域,80.0,400.0,2009年第３四半期,改装済,,7.079181246047625
31000411,中古マンション等,,31201,鳥取県,鳥取市,川端,鳥取,13,３ＬＤＫ,70,,,,平成16年,,,住宅,,,,近隣商業地域,80.0,300.0,2017年第４四半期,改装済,,7.278753600952829
31011127,中古マンション等,,31202,鳥取県,米子市,皆生,米子,30分?60分,３ＬＤＫ,70,,,,平成21年,ＲＣ,住宅,,,,,第２種中高層住居専用地域,60.0,200.0,2010年第３四半期,未改装,,7.176091259055681
31009964,中古マンション等,,31202,鳥取県,米子市,上福原,米子,30分?60分,３ＬＤＫ,65,,,,,ＳＲＣ,住宅,住宅,,,,第１種中高層住居専用地域,60.0,200.0,2014年第２四半期,未改装,,6.929418925714293
31017332,中古マンション等,,31202,鳥取県,米子市,米原,後藤,8,３ＬＤＫ,70,,,,平成20年,ＲＣ,住宅,,,,,準工業地域,60.0,200.0,2013年第２四半期,未改装,,7.2552725051033065
31004744,中古マンション等,,31202,鳥取県,米子市,米原,米子,30分?60分,３ＬＤＫ,75,,,,平成12年,ＲＣ,住宅,住宅,,,,第１種住居地域,60.0,200.0,2015年第１四半期,未改装,,7.113943352306837
31011812,中古マンション等,,31202,鳥取県,米子市,米原,後藤,6,３ＬＤＫ,70,,,,平成20年,ＲＣ,住宅,,,,,準工業地域,60.0,200.0,2010年第３四半期,未改装,,7.113943352306837
31004219,中古マンション等,,31202,鳥取県,米子市,東町,米子,8,３ＬＤＫ,65,,,,平成15年,ＳＲＣ,住宅,住宅,,,,商業地域,80.0,400.0,2016年第１四半期,未改装,,7.3222192947339195
31002241,中古マンション等,,31201,鳥取県,鳥取市,南町,鳥取,5,３ＬＤＫ,50,,,,昭和64年,ＳＲＣ,住宅,住宅,,,,近隣商業地域,80.0,300.0,2019年第２四半期,改装済,,6.886490725172482
31000029,中古マンション等,,31201,鳥取県,鳥取市,青葉町,鳥取,30分?60分,２ＬＤＫ,80,,,,平成20年,ＲＣ,,住宅,,,,近隣商業地域,80.0,200.0,2017年第３四半期,改装済,,7.278753600952829
31015612,中古マンション等,,31202,鳥取県,米子市,米原,米子,30分?60分,３ＬＤＫ,95,,,,平成22年,ＲＣ,住宅,,,,,準工業地域,60.0,200.0,2012年第４四半期,未改装,,7.380211241711606
31003013,中古マンション等,,31202,鳥取県,米子市,皆生温泉,米子,1H?1H30,３ＬＤＫ,70,,,,,ＲＣ,住宅,住宅,,,,第１種住居地域,60.0,200.0,2018年第４四半期,改装済,,7.113943352306837
31009725,中古マンション等,,31201,鳥取県,鳥取市,元町,鳥取,11,４ＬＤＫ,85,,,,平成19年,ＲＣ,住宅,住宅,,,,商業地域,80.0,400.0,2014年第４四半期,未改装,,7.342422680822207
31009862,中古マンション等,,31202,鳥取県,米子市,皆生温泉,米子,1H?1H30,２Ｋ,30,,,,昭和49年,ＲＣ,住宅,住宅,,,,商業地域,80.0,400.0,2014年第３四半期,未改装,,6.146128035678238
31001708,中古マンション等,,31201,鳥取県,鳥取市,富安,鳥取,9,４ＬＤＫ,85,,,,平成16年,ＲＣ,住宅,住宅,,,,商業地域,80.0,400.0,2017年第２四半期,未改装,,7.301029995663981
31015047,中古マンション等,,31201,鳥取県,鳥取市,末広温泉町,鳥取,9,３ＬＤＫ,65,,,,平成9年,ＳＲＣ,住宅,,,,,商業地域,80.0,400.0,2012年第３四半期,未改装,,6.991226075692495
31003731,中古マンション等,,31202,鳥取県,米子市,道笑町,米子,17,３ＬＤＫ,70,,,,平成7年,ＲＣ,住宅,住宅,,,,近隣商業地域,80.0,300.0,2015年第３四半期,未改装,,7.113943352306837
31011821,中古マンション等,,31202,鳥取県,米子市,米原,後藤,6,３ＬＤＫ,70,,,,平成20年,ＲＣ,住宅,,,,,準工業地域,60.0,200.0,2010年第３四半期,未改装,,7.079181246047625
31020372,中古マンション等,,31201,鳥取県,鳥取市,富安,鳥取,8,３ＬＤＫ,75,,,,平成15年,ＲＣ,住宅,,,,,商業地域,80.0,400.0,2008年第１四半期,未改装,,7.462397997898956
31021058,中古マンション等,,31202,鳥取県,米子市,中町,米子,15,３ＬＤＫ,70,,,,平成15年,ＲＣ,住宅,,,,,商業地域,80.0,400.0,2007年第３四半期,未改装,,7.278753600952829
31009523,中古マンション等,,31201,鳥取県,鳥取市,末広温泉町,鳥取,9,４ＬＤＫ,80,,,,平成9年,ＳＲＣ,住宅,,,,,商業地域,80.0,400.0,2014年第１四半期,未改装,,7.176091259055681
31009957,中古マンション等,,31201,鳥取県,鳥取市,永楽温泉町,鳥取,8,３ＬＤＫ,85,,,,平成18年,ＲＣ,住宅,,,,,商業地域,80.0,400.0,2010年第２四半期,未改装,,7.146128035678238
31020174,中古マンション等,,31201,鳥取県,鳥取市,湖山町西,鳥取大学前,5,１Ｋ,15,,,,平成3年,ＳＲＣ,住宅,,,,,近隣商業地域,80.0,200.0,2007年第３四半期,未改装,,6.278753600952829
31003727,中古マンション等,,31202,鳥取県,米子市,道笑町,米子,15,３ＬＤＫ,70,,,,平成7年,ＲＣ,住宅,住宅,,,,近隣商業地域,80.0,300.0,2016年第１四半期,未改装,,6.9344984512435675
31000972,中古マンション等,,31201,鳥取県,鳥取市,寿町,鳥取,15,３ＬＤＫ,70,,,,平成16年,ＲＣ,住宅,住宅,,,,第１種住居地域,60.0,200.0,2016年第３四半期,未改装,,7.2552725051033065
31001715,中古マンション等,,31201,鳥取県,鳥取市,富安,鳥取,8,４ＬＤＫ,85,,,,平成16年,ＲＣ,住宅,住宅,,,,商業地域,80.0,400.0,2016年第１四半期,未改装,,7.278753600952829
31010351,中古マンション等,,31201,鳥取県,鳥取市,湖山町西,鳥取大学前,5,１Ｋ,20,,,,平成3年,ＳＲＣ,住宅,,,,,近隣商業地域,80.0,200.0,2010年第４四半期,未改装,調停・競売等,6.556302500767288
31004701,中古マンション等,,31202,鳥取県,米子市,米原,後藤,4,３ＬＤＫ,70,,,,平成20年,ＲＣ,住宅,住宅,,,,準工業地域,60.0,200.0,2016年第２四半期,未改装,,7.146128035678238
31000162,中古マンション等,,31201,鳥取県,鳥取市,永楽温泉町,鳥取,7,２ＬＤＫ,85,,,,平成18年,ＲＣ,住宅,住宅,,,,商業地域,80.0,500.0,2015年第１四半期,改装済,,7.278753600952829
31011809,中古マンション等,,31202,鳥取県,米子市,米原,後藤,6,３ＬＤＫ,70,,,,平成20年,ＲＣ,住宅,,,,,準工業地域,60.0,200.0,2010年第３四半期,未改装,,7.079181246047625
31017213,中古マンション等,,31202,鳥取県,米子市,錦町,後藤,3,３ＬＤＫ,65,,,,平成5年,ＲＣ,住宅,,,,,近隣商業地域,80.0,300.0,2013年第４四半期,,,6.799340549453582
31004720,中古マンション等,,31202,鳥取県,米子市,米原,米子,30分?60分,３ＬＤＫ,70,,,,,ＲＣ,,住宅,,,,第２種中高層住居専用地域,,,2019年第４四半期,改装済,,7.3222192947339195
31001024,中古マンション等,,31201,鳥取県,鳥取市,湖山町北,鳥取大学前,4,１Ｋ,20,,,,昭和63年,鉄骨造,住宅,住宅,,,,近隣商業地域,80.0,200.0,2016年第２四半期,,,6.342422680822207
31003954,中古マンション等,,31202,鳥取県,米子市,錦町,後藤,3,３ＬＤＫ,65,,,,平成5年,,,住宅,,,,第１種住居地域,60.0,200.0,2018年第２四半期,改装済,,6.863322860120456
31001200,中古マンション等,,31201,鳥取県,鳥取市,幸町,鳥取,6,４ＬＤＫ,100,,,,平成20年,ＲＣ,住宅,住宅,,,,近隣商業地域,60.0,300.0,2015年第３四半期,,,7.361727836017593
31001049,中古マンション等,,31201,鳥取県,鳥取市,湖山町西,鳥取大学前,3,１Ｋ,20,,,,平成3年,ＳＲＣ,住宅,住宅,,,,近隣商業地域,80.0,200.0,2017年第２四半期,,,6.477121254719663
31009304,中古マンション等,,31201,鳥取県,鳥取市,永楽温泉町,鳥取,7,２ＬＤＫ＋Ｓ,85,,,,平成18年,ＲＣ,住宅,,,,,商業地域,80.0,500.0,2014年第１四半期,未改装,,7.301029995663981
31013019,中古マンション等,,31201,鳥取県,鳥取市,吉方温泉,鳥取,9,３ＬＤＫ,60,,,,平成6年,ＲＣ,住宅,,,,,商業地域,80.0,400.0,2011年第１四半期,改装済,,7.176091259055681
31001059,中古マンション等,,31201,鳥取県,鳥取市,湖山町西,鳥取大学前,5,１Ｋ,20,,,,平成3年,ＳＲＣ,住宅,住宅,,,,近隣商業地域,80.0,200.0,2016年第２四半期,未改装,,6.544068044350276
31003981,中古マンション等,,31202,鳥取県,米子市,西町,米子,14,４ＬＤＫ,90,,,,,ＳＲＣ,住宅,住宅,,,,第１種住居地域,60.0,200.0,2017年第１四半期,未改装,,7.380211241711606
31003112,中古マンション等,,31202,鳥取県,米子市,角盤町,米子,16,２ＬＤＫ,60,,,,平成12年,ＳＲＣ,住宅,住宅,,,,商業地域,80.0,400.0,2015年第１四半期,改装済,,6.973127853599698
31018728,中古マンション等,,31202,鳥取県,米子市,皆生温泉,米子,1H?1H30,１ＤＫ,30,,,,昭和49年,ＲＣ,住宅,,,,,商業地域,80.0,400.0,2009年第３四半期,未改装,,6.0
31018869,中古マンション等,,31202,鳥取県,米子市,錦町,米子,28,３ＬＤＫ,75,,,,平成9年,ＲＣ,住宅,,,,,近隣商業地域,80.0,300.0,2009年第３四半期,改装済,,7.041392685158225
31018868,中古マンション等,,31202,鳥取県,米子市,錦町,後藤,6,３ＬＤＫ,70,,,,平成8年,ＲＣ,住宅,,,,,近隣商業地域,80.0,300.0,2009年第１四半期,未改装,,6.845098040014257
31015266,中古マンション等,,31201,鳥取県,鳥取市,吉成,鳥取,15,３ＬＤＫ,75,,,,平成10年,ＲＣ,住宅,,,,,第１種住居地域,60.0,200.0,2012年第１四半期,改装済,,7.079181246047625
31003006,中古マンション等,,31202,鳥取県,米子市,皆生温泉,米子,1H?1H30,２Ｋ,35,,,,昭和51年,鉄骨造,,住宅,,,,商業地域,80.0,400.0,2020年第１四半期,,,5.903089986991944
31004213,中古マンション等,,31202,鳥取県,米子市,東町,米子,6,３ＬＤＫ,75,,,,平成21年,ＲＣ,住宅,住宅,,,,商業地域,80.0,500.0,2018年第２四半期,,,7.2552725051033065
31013283,中古マンション等,,31202,鳥取県,米子市,加茂町,米子,15,４ＬＤＫ,70,,,,平成7年,ＲＣ,住宅,,,,,商業地域,80.0,400.0,2011年第２四半期,未改装,,6.991226075692495
31001205,中古マンション等,,31201,鳥取県,鳥取市,栄町,鳥取,6,２ＬＤＫ,70,,,,平成14年,,,住宅,,,,商業地域,80.0,400.0,2018年第２四半期,,,7.301029995663981
31017338,中古マンション等,,31202,鳥取県,米子市,米原,米子,30分?60分,２ＬＤＫ＋Ｓ,80,,,,平成22年,ＲＣ,住宅,,,,,準工業地域,60.0,200.0,2013年第１四半期,未改装,,7.301029995663981
31011831,中古マンション等,,31202,鳥取県,米子市,米原,後藤,11,３ＬＤＫ,80,,,,平成22年,ＲＣ,住宅,,,,,準工業地域,,,2010年第３四半期,未改装,,7.230448921378274
31003029,中古マンション等,,31202,鳥取県,米子市,皆生温泉,米子,1H?1H30,１Ｋ,20,,,,昭和53年,ＳＲＣ,住宅,,,,,第１種住居地域,60.0,200.0,2017年第３四半期,未改装,,5.903089986991944
31000598,中古マンション等,,31201,鳥取県,鳥取市,瓦町,,,３ＬＤＫ,70,,,,,,,住宅,,,,第２種中高層住居専用地域,60.0,200.0,2019年第４四半期,改装済,,7.3222192947339195
31017255,中古マンション等,,31202,鳥取県,米子市,東町,米子,8,１ＤＫ,20,,,,平成4年,ＳＲＣ,住宅,,,,,商業地域,80.0,500.0,2013年第３四半期,未改装,,6.544068044350276
31018991,中古マンション等,,31202,鳥取県,米子市,米原,後藤,2,３ＬＤＫ,60,,,,昭和55年,ＳＲＣ,住宅,,,,,第１種住居地域,60.0,200.0,2009年第３四半期,,,6.633468455579586
31001051,中古マンション等,,31201,鳥取県,鳥取市,湖山町西,鳥取大学前,5,１Ｋ,20,,,,平成3年,ＳＲＣ,住宅,住宅,,,,近隣商業地域,80.0,200.0,2016年第４四半期,改装済,,6.518513939877887
31011819,中古マンション等,,31202,鳥取県,米子市,米原,後藤,6,３ＬＤＫ,65,,,,平成20年,ＲＣ,住宅,,,,,準工業地域,60.0,200.0,2010年第３四半期,未改装,,7.079181246047625
31012133,中古マンション等,,31201,鳥取県,鳥取市,瓦町,鳥取,7,３ＬＤＫ,60,,,,平成8年,ＳＲＣ,住宅,,,,,商業地域,80.0,400.0,2011年第４四半期,未改装,,7.079181246047625
31011842,中古マンション等,,31202,鳥取県,米子市,米原,後藤,10,３ＬＤＫ,80,,,,平成22年,ＲＣ,住宅,,,,,準工業地域,60.0,200.0,2010年第２四半期,未改装,,7.230448921378274
31003969,中古マンション等,,31202,鳥取県,米子市,錦町,後藤,5,４ＬＤＫ,80,,,,平成8年,ＲＣ,住宅,住宅,,,,近隣商業地域,80.0,300.0,2015年第２四半期,未改装,,7.146128035678238
31012669,中古マンション等,,31201,鳥取県,鳥取市,末広温泉町,鳥取,9,３ＬＤＫ,70,,,,平成9年,ＳＲＣ,住宅,,,,,商業地域,80.0,400.0,2011年第４四半期,未改装,,6.963787827345556
31017047,中古マンション等,,31202,鳥取県,米子市,皆生温泉,米子,1H?1H30,１Ｋ,20,,,,昭和53年,ＲＣ,住宅,,,,,第１種住居地域,60.0,200.0,2013年第４四半期,未改装,,6.176091259055681
31011817,中古マンション等,,31202,鳥取県,米子市,米原,後藤,6,３ＬＤＫ,70,,,,平成20年,ＲＣ,住宅,,,,,準工業地域,60.0,200.0,2010年第３四半期,未改装,,7.079181246047625
31015492,中古マンション等,,31202,鳥取県,米子市,錦町,後藤,3,４ＬＤＫ,70,,,,昭和59年,ＳＲＣ,住宅,,,,,近隣商業地域,80.0,300.0,2012年第４四半期,,,6.903089986991944
31018992,中古マンション等,,31202,鳥取県,米子市,米原,後藤,8,３ＬＤＫ,70,,,,平成20年,ＲＣ,住宅,,,,,準工業地域,60.0,200.0,2009年第２四半期,未改装,,7.278753600952829
31011868,中古マンション等,,31202,鳥取県,米子市,米原,米子,30分?60分,４ＬＤＫ,100,,,,平成22年,ＲＣ,住宅,,,,,準工業地域,60.0,200.0,2010年第３四半期,未改装,,7.342422680822207
31009945,中古マンション等,,31202,鳥取県,米子市,上福原,東山公園(鳥取),21,３ＬＤＫ,65,,,,平成6年,ＳＲＣ,住宅,,,,,第１種中高層住居専用地域,60.0,200.0,2014年第１四半期,未改装,,6.991226075692495
31004692,中古マンション等,,31202,鳥取県,米子市,米原,後藤,4,３ＬＤＫ,60,,,,昭和55年,ＳＲＣ,住宅,住宅,,,,準工業地域,60.0,200.0,2018年第３四半期,未改装,,6.477121254719663
31003964,中古マンション等,,31202,鳥取県,米子市,錦町,後藤,3,３ＬＤＫ,60,,,,平成6年,ＲＣ,住宅,住宅,,,,近隣商業地域,80.0,300.0,2016年第４四半期,未改装,,6.944482672150168
31002242,中古マンション等,,31201,鳥取県,鳥取市,南町,鳥取,8,２ＬＤＫ,65,,,,平成12年,,,住宅,,,,商業地域,80.0,400.0,2017年第４四半期,未改装,,7.113943352306837
31020805,中古マンション等,,31202,鳥取県,米子市,皆生温泉,米子,1H?1H30,１Ｋ,25,,,,昭和49年,ＲＣ,住宅,,,,,商業地域,80.0,400.0,2008年第３四半期,,,6.176091259055681
31003285,中古マンション等,,31202,鳥取県,米子市,加茂町,米子,15,４ＬＤＫ,70,,,,平成7年,ＲＣ,住宅,住宅,,,,商業地域,80.0,400.0,2018年第１四半期,改装済,,6.944482672150168
31010316,中古マンション等,,31202,鳥取県,米子市,旗ヶ崎,米子,30分?60分,３ＬＤＫ,70,,,,平成12年,ＲＣ,住宅,,,,,第１種住居地域,60.0,200.0,2014年第４四半期,改装済,,7.079181246047625
31011823,中古マンション等,,31202,鳥取県,米子市,米原,後藤,8,４ＬＤＫ,80,,,,平成20年,ＲＣ,住宅,,,,,準工業地域,60.0,200.0,2010年第３四半期,未改装,,7.342422680822207
31004220,中古マンション等,,31202,鳥取県,米子市,東町,米子,8,３ＬＤＫ,85,,,,平成15年,ＳＲＣ,住宅,住宅,,,,商業地域,80.0,400.0,2015年第２四半期,,,7.447158031342219
31003031,中古マンション等,,31202,鳥取県,米子市,皆生温泉,米子,1H?1H30,１Ｋ,25,,,,昭和53年,ＳＲＣ,住宅,その他,,,,第１種住居地域,60.0,200.0,2017年第２四半期,未改装,調停・競売等,5.913813852383717
31001056,中古マンション等,,31201,鳥取県,鳥取市,湖山町西,鳥取大学前,5,１ＤＫ,20,,,,平成3年,ＳＲＣ,住宅,住宅,,,,近隣商業地域,80.0,200.0,2016年第２四半期,改装済,,6.6020599913279625
31010865,中古マンション等,,31201,鳥取県,鳥取市,南吉方,鳥取,16,２ＬＤＫ,60,,,,平成14年,ＲＣ,住宅,,,,,準工業地域,60.0,200.0,2010年第３四半期,改装済,,7.079181246047625
31003972,中古マンション等,,31202,鳥取県,米子市,錦町,後藤,5,,65,,,,平成8年,ＲＣ,住宅,住宅,,,,近隣商業地域,80.0,300.0,2015年第１四半期,未改装,,7.113943352306837
31001783,中古マンション等,,31201,鳥取県,鳥取市,西町,鳥取,19,３ＬＤＫ,65,,,,平成9年,ＲＣ,住宅,住宅,,,,近隣商業地域,80.0,200.0,2016年第１四半期,,,7.2552725051033065
31012419,中古マンション等,,31201,鳥取県,鳥取市,湖山町西,鳥取大学前,5,１Ｋ,20,,,,平成3年,ＳＲＣ,住宅,,,,,近隣商業地域,80.0,200.0,2011年第３四半期,未改装,,6.361727836017593
31002238,中古マンション等,,31201,鳥取県,鳥取市,南町,鳥取,8,３ＬＤＫ,60,,,,昭和64年,ＳＲＣ,住宅,住宅,,,,近隣商業地域,80.0,300.0,2020年第１四半期,改装済,,6.944482672150168
31001717,中古マンション等,,31201,鳥取県,鳥取市,富安,鳥取,9,３ＬＤＫ,90,,,,平成18年,ＲＣ,住宅,住宅,,,,商業地域,80.0,400.0,2016年第１四半期,未改装,,7.204119982655925
31013780,中古マンション等,,31202,鳥取県,米子市,米原,後藤,3,２ＬＤＫ,65,,,,平成2年,ＳＲＣ,住宅,,,,,第１種住居地域,60.0,200.0,2011年第２四半期,改装済,,6.968482948553935
31002972,中古マンション等,,31202,鳥取県,米子市,皆生,米子,1H?1H30,３ＬＤＫ,85,,,,,,住宅,,,,,,,,2019年第１四半期,,,7.462397997898956
31009910,中古マンション等,,31202,鳥取県,米子市,上後藤,三本松口,6,３ＬＤＫ,65,,,,平成19年,ＲＣ,住宅,,,,,第２種中高層住居専用地域,60.0,200.0,2014年第１四半期,未改装,調停・競売等,7.041392685158225
31001195,中古マンション等,,31201,鳥取県,鳥取市,幸町,鳥取,5,３ＬＤＫ,80,,,,平成20年,ＲＣ,住宅,その他,,,,近隣商業地域,60.0,300.0,2020年第１四半期,未改装,,7.176091259055681
31010851,中古マンション等,,31201,鳥取県,鳥取市,南町,鳥取,8,３ＤＫ,60,,,,昭和64年,ＳＲＣ,住宅,,,,,商業地域,80.0,400.0,2010年第３四半期,未改装,,6.838849090737256
31004695,中古マンション等,,31202,鳥取県,米子市,米原,後藤,4,３ＬＤＫ,70,,,,平成29年,ＲＣ,住宅,住宅,,,,準工業地域,60.0,200.0,2017年第４四半期,改装済,,7.3979400086720375
31014975,中古マンション等,,31201,鳥取県,鳥取市,幸町,鳥取,5,４ＬＤＫ,95,,,,平成20年,ＲＣ,住宅,,,,,近隣商業地域,60.0,300.0,2012年第３四半期,未改装,調停・競売等,7.230448921378274
31001050,中古マンション等,,31201,鳥取県,鳥取市,湖山町西,鳥取大学前,5,１Ｋ,15,,,,平成3年,ＳＲＣ,住宅,住宅,,,,近隣商業地域,80.0,200.0,2017年第１四半期,,,6.556302500767288
31011871,中古マンション等,,31202,鳥取県,米子市,米原,米子,30分?60分,３ＬＤＫ,70,,,,平成20年,ＲＣ,住宅,,,,,準工業地域,60.0,200.0,2010年第２四半期,未改装,,7.3222192947339195
31011247,中古マンション等,,31202,鳥取県,米子市,上福原,米子,30分?60分,３ＬＤＫ,65,,,,平成7年,ＳＲＣ,住宅,,,,,第１種中高層住居専用地域,60.0,200.0,2010年第３四半期,未改装,,6.968482948553935
31009463,中古マンション等,,31201,鳥取県,鳥取市,湖山町北,鳥取大学前,1,１Ｋ,20,,,,昭和62年,鉄骨造,住宅,,,,,近隣商業地域,80.0,200.0,2014年第１四半期,改装済,,6.230448921378274
31017048,中古マンション等,,31202,鳥取県,米子市,皆生温泉,米子,1H?1H30,,35,,,,昭和53年,ＳＲＣ,住宅,,,,,第１種住居地域,60.0,200.0,2013年第４四半期,,,6.414973347970818
31001062,中古マンション等,,31201,鳥取県,鳥取市,湖山町西,鳥取大学前,5,１Ｋ,15,,,,平成3年,ＳＲＣ,住宅,住宅,,,,近隣商業地域,80.0,200.0,2016年第１四半期,改装済,,6.477121254719663
31020175,中古マンション等,,31201,鳥取県,鳥取市,湖山町西,鳥取大学前,5,１Ｋ,20,,,,平成3年,ＳＲＣ,住宅,,,,,近隣商業地域,80.0,200.0,2007年第３四半期,未改装,,6.3979400086720375
31003025,中古マンション等,,31202,鳥取県,米子市,皆生温泉,米子,1H?1H30,２ＤＫ,35,,,,昭和51年,鉄骨造,住宅,住宅,,,,商業地域,80.0,400.0,2017年第４四半期,未改装,,6.041392685158225
31000621,中古マンション等,,31201,鳥取県,鳥取市,行徳,鳥取,9,３ＬＤＫ,65,,,,平成16年,ＲＣ,,住宅,,,,近隣商業地域,80.0,300.0,2019年第３四半期,,,7.204119982655925
31003730,中古マンション等,,31202,鳥取県,米子市,道笑町,米子,21,３ＬＤＫ,70,,,,平成14年,ＲＣ,住宅,住宅,,,,第１種住居地域,60.0,200.0,2015年第３四半期,改装済,,7.176091259055681
31015480,中古マンション等,,31202,鳥取県,米子市,中町,米子,11,４ＬＤＫ,80,,,,平成15年,ＲＣ,住宅,,,,,商業地域,80.0,400.0,2012年第３四半期,未改装,,7.278753600952829
31017334,中古マンション等,,31202,鳥取県,米子市,米原,後藤,4,３ＬＤＫ,60,,,,昭和55年,ＲＣ,住宅,,,,,準工業地域,60.0,200.0,2013年第２四半期,改装済,,6.7923916894982534
31003143,中古マンション等,,31202,鳥取県,米子市,上後藤,三本松口,5,２ＬＤＫ,75,,,,平成19年,ＲＣ,住宅,住宅,,,,第２種中高層住居専用地域,60.0,200.0,2015年第１四半期,未改装,,7.204119982655925
31004679,中古マンション等,,31202,鳥取県,米子市,米原,後藤,16,４ＬＤＫ,85,,,,平成12年,ＲＣ,,住宅,,,,第１種住居地域,60.0,200.0,2020年第１四半期,,,7.176091259055681
31018998,中古マンション等,,31202,鳥取県,米子市,米原,米子,30分?60分,３ＬＤＫ,65,,,,平成20年,ＲＣ,住宅,,,,,準工業地域,60.0,200.0,2009年第４四半期,未改装,,7.278753600952829
31019003,中古マンション等,,31202,鳥取県,米子市,米原,米子,30分?60分,３ＬＤＫ,70,,,,平成20年,ＲＣ,住宅,,,,,準工業地域,60.0,200.0,2009年第１四半期,未改装,,7.278753600952829
31009864,中古マンション等,,31202,鳥取県,米子市,皆生温泉,米子,1H?1H30,１Ｋ,20,,,,昭和53年,ＳＲＣ,住宅,その他,,,,第１種住居地域,60.0,200.0,2014年第３四半期,未改装,,6.113943352306837
31013504,中古マンション等,,31202,鳥取県,米子市,中町,米子,15,４ＬＤＫ,80,,,,平成15年,ＲＣ,住宅,,,,,商業地域,80.0,400.0,2011年第４四半期,未改装,,7.278753600952829
31003106,中古マンション等,,31202,鳥取県,米子市,角盤町,米子,13,３ＬＤＫ,70,,,,平成3年,ＲＣ,住宅,住宅,,,,商業地域,80.0,400.0,2016年第３四半期,未改装,,6.963787827345556
31003586,中古マンション等,,31202,鳥取県,米子市,昭和町,米子,16,４ＬＤＫ,95,,,,平成20年,ＲＣ,住宅,住宅,,,,近隣商業地域,80.0,300.0,2018年第１四半期,,,7.041392685158225
31002291,中古マンション等,,31201,鳥取県,鳥取市,南吉方,鳥取,15,３ＬＤＫ,65,,,,平成14年,ＲＣ,住宅,住宅,,,,準工業地域,60.0,200.0,2016年第２四半期,改装済,,7.176091259055681
31015236,中古マンション等,,31201,鳥取県,鳥取市,元町,鳥取,10,４ＬＤＫ,85,,,,平成19年,ＲＣ,住宅,,,,,商業地域,80.0,400.0,2012年第２四半期,未改装,,7.342422680822207
31013783,中古マンション等,,31202,鳥取県,米子市,米原,後藤,6,,70,,,,平成20年,ＲＣ,住宅,,,,,準工業地域,60.0,200.0,2011年第１四半期,未改装,,7.2552725051033065
31002630,中古マンション等,,31201,鳥取県,鳥取市,吉成,鳥取,15,３ＬＤＫ,70,,,,平成10年,ＲＣ,住宅,住宅,,,,第１種住居地域,60.0,500.0,2016年第４四半期,未改装,,7.079181246047625
31018990,中古マンション等,,31202,鳥取県,米子市,米原,後藤,4,３ＬＤＫ,65,,,,平成2年,ＳＲＣ,住宅,,,,,第１種住居地域,60.0,200.0,2009年第３四半期,未改装,,6.653212513775344
31003426,中古マンション等,,31202,鳥取県,米子市,観音寺新町,米子,30分?60分,３ＬＤＫ,80,,,,平成19年,ＲＣ,,住宅,,,,第２種中高層住居専用地域,60.0,200.0,2018年第１四半期,改装済,,7.342422680822207
31002158,中古マンション等,,31201,鳥取県,鳥取市,本町,鳥取,13,３ＬＤＫ,70,,,,昭和64年,ＳＲＣ,,住宅,,,,商業地域,80.0,400.0,2020年第１四半期,,,6.799340549453582
31020373,中古マンション等,,31201,鳥取県,鳥取市,富安,鳥取,8,４ＬＤＫ,85,,,,平成16年,ＲＣ,住宅,,,,,商業地域,80.0,400.0,2008年第１四半期,未改装,,7.342422680822207
31017043,中古マンション等,,31202,鳥取県,米子市,皆生,米子,1H?1H30,３ＬＤＫ,80,,,,平成21年,ＲＣ,住宅,,,,,第２種中高層住居専用地域,60.0,200.0,2013年第２四半期,未改装,,7.342422680822207
31010361,中古マンション等,,31201,鳥取県,鳥取市,湖山町西,鳥取大学前,5,１Ｋ,15,,,,平成3年,ＳＲＣ,住宅,,,,,近隣商業地域,80.0,200.0,2010年第１四半期,,,6.113943352306837
31012415,中古マンション等,,31201,鳥取県,鳥取市,湖山町西,鳥取大学前,4,１Ｋ,25,,,,平成3年,ＳＲＣ,住宅,,,,,近隣商業地域,80.0,200.0,2011年第４四半期,未改装,,6.414973347970818
31016684,中古マンション等,,31201,鳥取県,鳥取市,湖山町北,鳥取大学前,4,１Ｋ,20,,,,昭和63年,鉄骨造,住宅,,,,,近隣商業地域,80.0,200.0,2013年第１四半期,未改装,,6.0
31001412,中古マンション等,,31201,鳥取県,鳥取市,末広温泉町,鳥取,9,３ＬＤＫ,65,,,,平成9年,ＳＲＣ,住宅,住宅,,,,商業地域,80.0,400.0,2016年第４四半期,未改装,,7.204119982655925
31009685,中古マンション等,,31201,鳥取県,鳥取市,南町,鳥取,8,４ＬＤＫ,75,,,,昭和64年,ＳＲＣ,住宅,,,,,近隣商業地域,80.0,300.0,2014年第１四半期,未改装,,6.863322860120456
31000160,中古マンション等,,31201,鳥取県,鳥取市,永楽温泉町,鳥取,8,４ＬＤＫ,115,,,,平成18年,ＲＣ,住宅,住宅,,,,商業地域,80.0,400.0,2016年第２四半期,未改装,,7.477121254719663
31011807,中古マンション等,,31202,鳥取県,米子市,米原,後藤,6,３ＬＤＫ,70,,,,平成20年,ＲＣ,住宅,,,,,準工業地域,60.0,200.0,2010年第３四半期,未改装,,7.079181246047625
31003953,中古マンション等,,31202,鳥取県,米子市,錦町,後藤,3,４ＤＫ,70,,,,昭和59年,ＳＲＣ,住宅,住宅,,,,近隣商業地域,80.0,300.0,2018年第２四半期,未改装,,6.778151250383644
31020685,中古マンション等,,31201,鳥取県,鳥取市,吉成,鳥取,15,３ＬＤＫ,70,,,,平成10年,ＲＣ,住宅,,,,,第１種住居地域,60.0,200.0,2008年第２四半期,未改装,,7.204119982655925
